Workbook

Sheet chl
A1: Cruise #: | B1: Date | C1: LTER Station | D1: Cast # | E1: Niskin # | F1: Time In | G1: Time Out | H1: Replicate | I1: Vol Filt | J1: Filter Size | K1: Vol Extracted | L1: Sample | M1: 90% Acetone | N1: Dilution During Reading | O1: Chl_Cal_Filename | P1: tau_Calibration | Q1: Fd_Calibration | R1: Rb | S1: Ra | T1: blank | U1: Rb-blank | V1: Ra-blank | W1: Chl (ug/l) | X1: Phaeo (ug/l) | Y1: Cal_Date | Z1: Lab notebook and Page number | AA1: Date_analyzed | AB1: cruise_project_type | AC1: Personnel Filter | AD1: Personnel Read | AE1: Fluorometer | AF1: quality_flag | AG1: QC_d | AH1: Comments | AI1: Comments2
A2: AR22 | B2: 20170902 | D2: 1 | E2: 1 | H2: a | I2: 535 | J2: 0 | K2: 10 | L2: 1 | M2: 0 | N2: 1 | O2: =Cal_110119!$P$3 -> Cal_110119 | P2: =Cal_110119!$Q$3 -> 1.8682 | Q2: =Cal_110119!$R$3 -> 0.5122 | R2: 163.3 | S2: 104.2 | T2: 0.78916667 | U2: =(R2-T2)*(L2+M2)/L2 -> 162.51083 | V2: =(S2-T2)*(L2+M2)/L2 -> 103.41083 | W2: =(Q2*P2/(P2-1)*(U2-V2)*(K2)/I2)/N2 -> 1.2175221 | X2: =(Q2*P2/(P2-1)*(P2*V2-U2)*(K2)/I2)/N2 -> 0.63206673 | Y2: =Cal_110119!$O$3 -> 20181101 | Z2: 9-58 | AB2: 3 | AD2: Emily | AE2: Turner Designs Aquafluor Handheld Serial Number 800446 | AF2: 1 | AG2: 0
A3: AR22 | B3: 20170902 | D3: 1 | E3: 1 | H3: b | I3: 535 | J3: 0 | K3: 5 | L3: 1 | M3: 0 | N3: 1 | O3: Cal_012618_12mm | P3: =Cal_012618_12mm!$Q$3 -> 1.9020156 | Q3: =Cal_012618_12mm!$R$3 -> 0.48423689 | R3: 355.8 | S3: 222 | T3: =AVERAGE(0.598,0.717,0.487,0.777,0.635,0.748) -> 0.66033333 | U3: =(R3-T3)*(L3+M3)/L3 -> 355.13967 | V3: =(S3-T3)*(L3+M3)/L3 -> 221.33967 | W3: =(Q3*P3/(P3-1)*(U3-V3)*(K3)/I3)/N3 -> 1.2768217 | X3: =(Q3*P3/(P3-1)*(P3*V3-U3)*(K3)/I3)/N3 -> 0.62840834 | Y3: 20180126 | Z3: 8-69 | AB3: 3 | AD3: Emily | AE3: Turner Designs Aquafluor Handheld Serial Number 800446 | AF3: 1 | AG3: 0
A4: AR22 | B4: 20170902 | D4: 1 | E4: 2 | H4: a | I4: 535 | J4: 0 | K4: 5 | L4: 1 | M4: 0 | N4: 1 | O4: Cal_012618_12mm | P4: =Cal_012618_12mm!$Q$3 -> 1.9020156 | Q4: =Cal_012618_12mm!$R$3 -> 0.48423689 | R4: 345.8 | S4: 212.1 | T4: 0.66033 | U4: =(R4-T4)*(L4+M4)/L4 -> 345.13967 | V4: =(S4-T4)*(L4+M4)/L4 -> 211.43967 | W4: =(Q4*P4/(P4-1)*(U4-V4)*(K4)/I4)/N4 -> 1.2758674 | X4: =(Q4*P4/(P4-1)*(P4*V4-U4)*(K4)/I4)/N4 -> 0.54414621 | Y4: 20180126 | Z4: 8-69 | AB4: 3 | AD4: Emily | AE4: Turner Designs Aquafluor Handheld Serial Number 800446 | AF4: 4 | AG4: 1 | AH4: "leak at beginning"
A5: AR22 | B5: 20170902 | D5: 1 | E5: 2 | H5: b | I5: 535 | J5: 0 | K5: 10 | L5: 1 | M5: 0 | N5: 1 | O5: =Cal_110119!$P$3 -> Cal_110119 | P5: =Cal_110119!$Q$3 -> 1.8682 | Q5: =Cal_110119!$R$3 -> 0.5122 | R5: 198.3 | S5: 125.3 | T5: 0.78916667 | U5: =(R5-T5)*(L5+M5)/L5 -> 197.51083 | V5: =(S5-T5)*(L5+M5)/L5 -> 124.51083 | W5: =(Q5*P5/(P5-1)*(U5-V5)*(K5)/I5)/N5 -> 1.5038767 | X5: =(Q5*P5/(P5-1)*(P5*V5-U5)*(K5)/I5)/N5 -> 0.72310319 | Y5: =Cal_110119!$O$3 -> 20181101 | Z5: 9-58 | AB5: 3 | AD5: Emily | AE5: Turner Designs Aquafluor Handheld Serial Number 800446 | AF5: 1 | AG5: 1
A6: AR22 | B6: 20170902 | D6: 1 | E6: 3 | H6: a | I6: 535 | J6: 0 | K6: 5 | L6: 1 | M6: 0 | N6: 1 | O6: Cal_012618_12mm | P6: =Cal_012618_12mm!$Q$3 -> 1.9020156 | Q6: =Cal_012618_12mm!$R$3 -> 0.48423689 | R6: 414 | S6: 248.5 | T6: 0.66033 | U6: =(R6-T6)*(L6+M6)/L6 -> 413.33967 | V6: =(S6-T6)*(L6+M6)/L6 -> 247.83967 | W6: =(Q6*P6/(P6-1)*(U6-V6)*(K6)/I6)/N6 -> 1.5793273 | X6: =(Q6*P6/(P6-1)*(P6*V6-U6)*(K6)/I6)/N6 -> 0.55400739 | Y6: 20180126 | Z6: 8-69 | AB6: 3 | AD6: Emily | AE6: Turner Designs Aquafluor Handheld Serial Number 800446 | AF6: 1 | AG6: 0
A7: AR22 | B7: 20170902 | D7: 1 | E7: 3 | H7: b | I7: 535 | J7: 0 | K7: 5 | L7: 1 | M7: 0 | N7: 1 | O7: Cal_012618_12mm | P7: =Cal_012618_12mm!$Q$3 -> 1.9020156 | Q7: =Cal_012618_12mm!$R$3 -> 0.48423689 | R7: 397.5 | S7: 243.2 | T7: 0.66033 | U7: =(R7-T7)*(L7+M7)/L7 -> 396.83967 | V7: =(S7-T7)*(L7+M7)/L7 -> 242.53967 | W7: =(Q7*P7/(P7-1)*(U7-V7)*(K7)/I7)/N7 -> 1.4724483 | X7: =(Q7*P7/(P7-1)*(P7*V7-U7)*(K7)/I7)/N7 -> 0.61526541 | Y7: 20180126 | Z7: 8-69 | AB7: 3 | AD7: Emily | AE7: Turner Designs Aquafluor Handheld Serial Number 800446 | AF7: 1 | AG7: 0
A8: AR22 | B8: 20170902 | D8: 1 | E8: 4 | H8: a | I8: 535 | J8: 0 | K8: 5 | L8: 1 | M8: 0 | N8: 1 | O8: Cal_012618_12mm | P8: =Cal_012618_12mm!$Q$3 -> 1.9020156 | Q8: =Cal_012618_12mm!$R$3 -> 0.48423689 | R8: 304.3 | S8: 184.6 | T8: 0.66033 | U8: =(R8-T8)*(L8+M8)/L8 -> 303.63967 | V8: =(S8-T8)*(L8+M8)/L8 -> 183.93967 | W8: =(Q8*P8/(P8-1)*(U8-V8)*(K8)/I8)/N8 -> 1.1422687 | X8: =(Q8*P8/(P8-1)*(P8*V8-U8)*(K8)/I8)/N8 -> 0.44103258 | Y8: 20180126 | Z8: 8-69 | AB8: 3 | AD8: Emily | AE8: Turner Designs Aquafluor Handheld Serial Number 800446 | AF8: 1 | AG8: 0
A9: AR22 | B9: 20170902 | D9: 1 | E9: 4 | H9: b | I9: 535 | J9: 0 | K9: 5 | L9: 1 | M9: 0 | N9: 1 | O9: Cal_012618_12mm | P9: =Cal_012618_12mm!$Q$3 -> 1.9020156 | Q9: =Cal_012618_12mm!$R$3 -> 0.48423689 | R9: 297.6 | S9: 180.2 | T9: 0.66033 | U9: =(R9-T9)*(L9+M9)/L9 -> 296.93967 | V9: =(S9-T9)*(L9+M9)/L9 -> 179.53967 | W9: =(Q9*P9/(P9-1)*(U9-V9)*(K9)/I9)/N9 -> 1.1203204 | X9: =(Q9*P9/(P9-1)*(P9*V9-U9)*(K9)/I9)/N9 -> 0.42510696 | Y9: 20180126 | Z9: 8-69 | AB9: 3 | AD9: Emily | AE9: Turner Designs Aquafluor Handheld Serial Number 800446 | AF9: 1 | AG9: 0
A10: AR22 | B10: 20170902 | D10: 1 | E10: 4 | H10: a | I10: 535 | J10: 10 | K10: 5 | L10: 1 | M10: 0 | N10: 1 | O10: Cal_012618_12mm | P10: =Cal_012618_12mm!$Q$3 -> 1.9020156 | Q10: =Cal_012618_12mm!$R$3 -> 0.48423689 | R10: 249.8 | S10: 149.3 | T10: =AVERAGE(0.939,0.988,0.789,0.968,0.875,0.717) -> 0.87933333 | U10: =(R10-T10)*(L10+M10)/L10 -> 248.92067 | V10: =(S10-T10)*(L10+M10)/L10 -> 148.42067 | W10: =(Q10*P10/(P10-1)*(U10-V10)*(K10)/I10)/N10 -> 0.95904767 | X10: =(Q10*P10/(P10-1)*(P10*V10-U10)*(K10)/I10)/N10 -> 0.31851597 | Y10: 20180126 | Z10: 8-76 | AB10: 3 | AD10: Emily | AE10: Turner Designs Aquafluor Handheld Serial Number 800446 | AF10: 3 | AG10: 1 | AH10: poor replication, was this pre-filtered correctly?
A11: AR22 | B11: 20170902 | D11: 1 | E11: 4 | H11: b | I11: 535 | J11: 10 | K11: 5 | L11: 1 | M11: 0 | N11: 1 | O11: Cal_012618_12mm | P11: =Cal_012618_12mm!$Q$3 -> 1.9020156 | Q11: =Cal_012618_12mm!$R$3 -> 0.48423689 | R11: 182.6 | S11: 114.1 | T11: 0.66033 | U11: =(R11-T11)*(L11+M11)/L11 -> 181.93967 | V11: =(S11-T11)*(L11+M11)/L11 -> 113.43967 | W11: =(Q11*P11/(P11-1)*(U11-V11)*(K11)/I11)/N11 -> 0.65367925 | X11: =(Q11*P11/(P11-1)*(P11*V11-U11)*(K11)/I11)/N11 -> 0.32277773 | Y11: 20180126 | Z11: 8-69 | AB11: 3 | AD11: Emily | AE11: Turner Designs Aquafluor Handheld Serial Number 800446 | AF11: 3 | AG11: 1 | AH11: poor replication
A12: AR22 | B12: 20170902 | D12: 2 | E12: 1 | H12: a | I12: 535 | J12: 0 | K12: 5 | L12: 1 | M12: 0 | N12: 1 | O12: Cal_012618_12mm | P12: =Cal_012618_12mm!$Q$3 -> 1.9020156 | Q12: =Cal_012618_12mm!$R$3 -> 0.48423689 | R12: 267.4 | S12: 163.7 | T12: 0.66033 | U12: =(R12-T12)*(L12+M12)/L12 -> 266.73967 | V12: =(S12-T12)*(L12+M12)/L12 -> 163.03967 | W12: =(Q12*P12/(P12-1)*(U12-V12)*(K12)/I12)/N12 -> 0.98958451 | X12: =(Q12*P12/(P12-1)*(P12*V12-U12)*(K12)/I12)/N12 -> 0.41381542 | Y12: 20180126 | Z12: 8-69 | AB12: 3 | AD12: Emily | AE12: Turner Designs Aquafluor Handheld Serial Number 800446 | AF12: 1 | AG12: 0
A13: AR22 | B13: 20170902 | D13: 2 | E13: 1 | H13: b | I13: 535 | J13: 0 | K13: 5 | L13: 1 | M13: 0 | N13: 1 | O13: Cal_012618_12mm | P13: =Cal_012618_12mm!$Q$3 -> 1.9020156 | Q13: =Cal_012618_12mm!$R$3 -> 0.48423689 | R13: 263.3 | S13: 160.7 | T13: 0.66033 | U13: =(R13-T13)*(L13+M13)/L13 -> 262.63967 | V13: =(S13-T13)*(L13+M13)/L13 -> 160.03967 | W13: =(Q13*P13/(P13-1)*(U13-V13)*(K13)/I13)/N13 -> 0.97908747 | X13: =(Q13*P13/(P13-1)*(P13*V13-U13)*(K13)/I13)/N13 -> 0.3984893 | Y13: 20180126 | Z13: 8-69 | AB13: 3 | AD13: Emily | AE13: Turner Designs Aquafluor Handheld Serial Number 800446 | AF13: 1 | AG13: 0
A14: AR22 | B14: 20170902 | D14: 2 | E14: 2 | H14: a | I14: 535 | J14: 0 | K14: 5 | L14: 1 | M14: 0 | N14: 1 | O14: Cal_012618_12mm | P14: =Cal_012618_12mm!$Q$3 -> 1.9020156 | Q14: =Cal_012618_12mm!$R$3 -> 0.48423689 | R14: 146.6 | S14: 95.89 | T14: 0.493 | U14: =(R14-T14)*(L14+M14)/L14 -> 146.107 | V14: =(S14-T14)*(L14+M14)/L14 -> 95.397 | W14: =(Q14*P14/(P14-1)*(U14-V14)*(K14)/I14)/N14 -> 0.4839135 | X14: =(Q14*P14/(P14-1)*(P14*V14-U14)*(K14)/I14)/N14 -> 0.33723722 | Y14: 20180126 | Z14: 8-65 | AB14: 3 | AD14: Emily | AE14: Turner Designs Aquafluor Handheld Serial Number 800446 | AF14: 1 | AG14: 0 | AH14: a?
A15: AR22 | B15: 20170902 | D15: 2 | E15: 2 | H15: b | I15: 535 | J15: 0 | K15: 5 | L15: 1 | M15: 0 | N15: 1 | O15: Cal_012618_12mm | P15: =Cal_012618_12mm!$Q$3 -> 1.9020156 | Q15: =Cal_012618_12mm!$R$3 -> 0.48423689 | R15: 166.3 | S15: 104.5 | T15: 0.66033 | U15: =(R15-T15)*(L15+M15)/L15 -> 165.63967 | V15: =(S15-T15)*(L15+M15)/L15 -> 103.83967 | W15: =(Q15*P15/(P15-1)*(U15-V15)*(K15)/I15)/N15 -> 0.58974274 | X15: =(Q15*P15/(P15-1)*(P15*V15-U15)*(K15)/I15)/N15 -> 0.30408012 | Y15: 20180126 | Z15: 8-69 | AB15: 3 | AD15: Emily | AE15: Turner Designs Aquafluor Handheld Serial Number 800446 | AF15: 1 | AG15: 0
A16: AR22 | B16: 20170902 | D16: 2 | E16: 3 | H16: a | I16: 535 | J16: 0 | K16: 5 | L16: 1 | M16: 0 | N16: 1 | O16: Cal_012618_12mm | P16: =Cal_012618_12mm!$Q$3 -> 1.9020156 | Q16: =Cal_012618_12mm!$R$3 -> 0.48423689 | R16: 371.7 | S16: 234.1 | T16: 0.66033 | U16: =(R16-T16)*(L16+M16)/L16 -> 371.03967 | V16: =(S16-T16)*(L16+M16)/L16 -> 233.43967 | W16: =(Q16*P16/(P16-1)*(U16-V16)*(K16)/I16)/N16 -> 1.3130842 | X16: =(Q16*P16/(P16-1)*(P16*V16-U16)*(K16)/I16)/N16 -> 0.69629929 | Y16: 20180126 | Z16: 8-69 | AB16: 3 | AD16: Emily | AE16: Turner Designs Aquafluor Handheld Serial Number 800446 | AF16: 1 | AG16: 0
A17: AR22 | B17: 20170902 | D17: 2 | E17: 3 | H17: b | I17: 535 | J17: 0 | K17: 5 | L17: 1 | M17: 0 | N17: 1 | O17: Cal_012618_12mm | P17: =Cal_012618_12mm!$Q$3 -> 1.9020156 | Q17: =Cal_012618_12mm!$R$3 -> 0.48423689 | R17: 384.7 | S17: 239.3 | T17: 0.66033 | U17: =(R17-T17)*(L17+M17)/L17 -> 384.03967 | V17: =(S17-T17)*(L17+M17)/L17 -> 238.63967 | W17: =(Q17*P17/(P17-1)*(U17-V17)*(K17)/I17)/N17 -> 1.3875177 | X17: =(Q17*P17/(P17-1)*(P17*V17-U17)*(K17)/I17)/N17 -> 0.66662589 | Y17: 20180126 | Z17: 8-69 | AB17: 3 | AD17: Emily | AE17: Turner Designs Aquafluor Handheld Serial Number 800446 | AF17: 1 | AG17: 0
A18: AR22 | B18: 20170902 | D18: 2 | E18: 4 | H18: a | I18: 535 | J18: 0 | K18: 5 | L18: 1 | M18: 0 | N18: 1 | O18: Cal_012618_12mm | P18: =Cal_012618_12mm!$Q$3 -> 1.9020156 | Q18: =Cal_012618_12mm!$R$3 -> 0.48423689 | R18: 335 | S18: 208.4 | T18: 0.66033 | U18: =(R18-T18)*(L18+M18)/L18 -> 334.33967 | V18: =(S18-T18)*(L18+M18)/L18 -> 207.73967 | W18: =(Q18*P18/(P18-1)*(U18-V18)*(K18)/I18)/N18 -> 1.2081138 | X18: =(Q18*P18/(P18-1)*(P18*V18-U18)*(K18)/I18)/N18 -> 0.58005126 | Y18: 20180126 | Z18: 8-69 | AB18: 3 | AD18: Emily | AE18: Turner Designs Aquafluor Handheld Serial Number 800446 | AF18: 1 | AG18: 0
A19: AR22 | B19: 20170902 | D19: 2 | E19: 4 | H19: b | I19: 535 | J19: 0 | K19: 5 | L19: 1 | M19: 0 | N19: 1 | O19: Cal_012618_12mm | P19: =Cal_012618_12mm!$Q$3 -> 1.9020156 | Q19: =Cal_012618_12mm!$R$3 -> 0.48423689 | R19: 330.9 | S19: 208.5 | T19: 0.66033 | U19: =(R19-T19)*(L19+M19)/L19 -> 330.23967 | V19: =(S19-T19)*(L19+M19)/L19 -> 207.83967 | W19: =(Q19*P19/(P19-1)*(U19-V19)*(K19)/I19)/N19 -> 1.1680342 | X19: =(Q19*P19/(P19-1)*(P19*V19-U19)*(K19)/I19)/N19 -> 0.62099164 | Y19: 20180126 | Z19: 8-69 | AB19: 3 | AD19: Emily | AE19: Turner Designs Aquafluor Handheld Serial Number 800446 | AF19: 1 | AG19: 0
A20: AR22 | B20: 20170902 | D20: 2 | E20: 5 | H20: a | I20: 535 | J20: 0 | K20: 5 | L20: 1 | M20: 0 | N20: 1 | O20: Cal_012618_12mm | P20: =Cal_012618_12mm!$Q$3 -> 1.9020156 | Q20: =Cal_012618_12mm!$R$3 -> 0.48423689 | R20: 217.4 | S20: 134 | T20: 0.66033 | U20: =(R20-T20)*(L20+M20)/L20 -> 216.73967 | V20: =(S20-T20)*(L20+M20)/L20 -> 133.33967 | W20: =(Q20*P20/(P20-1)*(U20-V20)*(K20)/I20)/N20 -> 0.79586642 | X20: =(Q20*P20/(P20-1)*(P20*V20-U20)*(K20)/I20)/N20 -> 0.3518842 | Y20: 20180126 | Z20: 8-69 | AB20: 3 | AD20: Emily | AE20: Turner Designs Aquafluor Handheld Serial Number 800446 | AF20: 1 | AG20: 0
A21: AR22 | B21: 20170902 | D21: 2 | E21: 5 | H21: b | I21: 535 | J21: 0 | K21: 5 | L21: 1 | M21: 0 | N21: 1 | O21: =Cal_110119!$P$3 -> Cal_110119 | P21: =Cal_110119!$Q$3 -> 1.8682 | Q21: =Cal_110119!$R$3 -> 0.5122 | R21: 187.4 | S21: 118.4 | T21: 0.78916667 | U21: =(R21-T21)*(L21+M21)/L21 -> 186.61083 | V21: =(S21-T21)*(L21+M21)/L21 -> 117.61083 | W21: =(Q21*P21/(P21-1)*(U21-V21)*(K21)/I21)/N21 -> 0.71073626 | X21: =(Q21*P21/(P21-1)*(P21*V21-U21)*(K21)/I21)/N21 -> 0.34104757 | Y21: =Cal_110119!$O$3 -> 20181101 | Z21: 9-58 | AB21: 3 | AD21: Emily | AE21: Turner Designs Aquafluor Handheld Serial Number 800446 | AF21: 1 | AG21: 0
A22: AR22 | B22: 20170902 | D22: 2 | E22: 6 | H22: a | I22: 540 | J22: 0 | K22: 5 | L22: 1 | M22: 0 | N22: 1 | O22: Cal_012618_12mm | P22: =Cal_012618_12mm!$Q$3 -> 1.9020156 | Q22: =Cal_012618_12mm!$R$3 -> 0.48423689 | R22: 192.6 | S22: 116.7 | T22: 0.78916667 | U22: =(R22-T22)*(L22+M22)/L22 -> 191.81083 | V22: =(S22-T22)*(L22+M22)/L22 -> 115.91083 | W22: =(Q22*P22/(P22-1)*(U22-V22)*(K22)/I22)/N22 -> 0.71758926 | X22: =(Q22*P22/(P22-1)*(P22*V22-U22)*(K22)/I22)/N22 -> 0.27090059 | Y22: 20180126 | Z22: 8-76 | AB22: 3 | AD22: Emily | AE22: Turner Designs Aquafluor Handheld Serial Number 800446 | AF22: 3 | AG22: 1 | AH22: looks like C2N6a accidentally switched with C2N6 10b. Switch values
A23: AR22 | B23: 20170902 | D23: 2 | E23: 6 | H23: b | I23: 540 | J23: 0 | K23: 5 | L23: 1 | M23: 0 | N23: 1 | O23: Cal_012618_12mm | P23: =Cal_012618_12mm!$Q$3 -> 1.9020156 | Q23: =Cal_012618_12mm!$R$3 -> 0.48423689 | R23: 185.6 | S23: 112.8 | T23: 0.87933 | U23: =(R23-T23)*(L23+M23)/L23 -> 184.72067 | V23: =(S23-T23)*(L23+M23)/L23 -> 111.92067 | W23: =(Q23*P23/(P23-1)*(U23-V23)*(K23)/I23)/N23 -> 0.68828061 | X23: =(Q23*P23/(P23-1)*(P23*V23-U23)*(K23)/I23)/N23 -> 0.26618105 | Y23: 20180126 | Z23: 8-76 | AB23: 3 | AD23: Emily | AE23: Turner Designs Aquafluor Handheld Serial Number 800446 | AF23: 1 | AG23: 1
A24: AR22 | B24: 20170902 | D24: 2 | E24: 6 | H24: a | I24: 540 | J24: 10 | K24: 5 | L24: 1 | M24: 0 | N24: 1 | O24: Cal_012618_12mm | P24: =Cal_012618_12mm!$Q$3 -> 1.9020156 | Q24: =Cal_012618_12mm!$R$3 -> 0.48423689 | R24: 165 | S24: 100.7 | T24: 0.493 | U24: =(R24-T24)*(L24+M24)/L24 -> 164.507 | V24: =(S24-T24)*(L24+M24)/L24 -> 100.207 | W24: =(Q24*P24/(P24-1)*(U24-V24)*(K24)/I24)/N24 -> 0.60791817 | X24: =(Q24*P24/(P24-1)*(P24*V24-U24)*(K24)/I24)/N24 -> 0.24664908 | Y24: 20180126 | Z24: 8-65 | AB24: 3 | AD24: Emily | AE24: Turner Designs Aquafluor Handheld Serial Number 800446 | AF24: 1 | AG24: 1
A25: AR22 | B25: 20170902 | D25: 2 | E25: 6 | H25: b | I25: 540 | J25: 10 | K25: 5 | L25: 1 | M25: 0 | N25: 1 | O25: =Cal_110119!$P$3 -> Cal_110119 | P25: =Cal_110119!$Q$3 -> 1.8682 | Q25: =Cal_110119!$R$3 -> 0.5122 | R25: 158.4 | S25: 100.4 | T25: 0.87933 | U25: =(R25-T25)*(L25+M25)/L25 -> 157.52067 | V25: =(S25-T25)*(L25+M25)/L25 -> 99.52067 | W25: =(Q25*P25/(P25-1)*(U25-V25)*(K25)/I25)/N25 -> 0.59189872 | X25: =(Q25*P25/(P25-1)*(P25*V25-U25)*(K25)/I25)/N25 -> 0.28986551 | Y25: =Cal_110119!$O$3 -> 20181101 | Z25: 9-58 | AB25: 3 | AD25: Emily | AE25: Turner Designs Aquafluor Handheld Serial Number 800446 | AF25: 3 | AG25: 1 | AH25: looks like C2N6a accidentally switched with C2N6 10a. Switch values
A26: AR22 | B26: 20170902 | D26: 3 | E26: 1 | H26: a | I26: 535 | J26: 0 | K26: 5 | L26: 1 | M26: 0 | N26: 1 | O26: Cal_012618_12mm | P26: =Cal_012618_12mm!$Q$3 -> 1.9020156 | Q26: =Cal_012618_12mm!$R$3 -> 0.48423689 | R26: 103.9 | S26: 71.56 | T26: 0.87933 | U26: =(R26-T26)*(L26+M26)/L26 -> 103.02067 | V26: =(S26-T26)*(L26+M26)/L26 -> 70.68067 | W26: =(Q26*P26/(P26-1)*(U26-V26)*(K26)/I26)/N26 -> 0.30861295 | X26: =(Q26*P26/(P26-1)*(P26*V26-U26)*(K26)/I26)/N26 -> 0.29978651 | Y26: 20180126 | Z26: 8-76 | AB26: 3 | AD26: Emily | AE26: Turner Designs Aquafluor Handheld Serial Number 800446 | AF26: 3 | AG26: 1 | AH26: tissue capsule was labeled 03-02a but does not match the 02b rep well, and the questionable repc does. This matched the 01b rep better and 01a was never found
A27: AR22 | B27: 20170902 | D27: 3 | E27: 1 | H27: b | I27: 535 | J27: 0 | K27: 5 | L27: 1 | M27: 0 | N27: 1 | O27: Cal_012618_12mm | P27: =Cal_012618_12mm!$Q$3 -> 1.9020156 | Q27: =Cal_012618_12mm!$R$3 -> 0.48423689 | R27: 108 | S27: 77.8 | T27: 0.66033 | U27: =(R27-T27)*(L27+M27)/L27 -> 107.33967 | V27: =(S27-T27)*(L27+M27)/L27 -> 77.13967 | W27: =(Q27*P27/(P27-1)*(U27-V27)*(K27)/I27)/N27 -> 0.28819144 | X27: =(Q27*P27/(P27-1)*(P27*V27-U27)*(K27)/I27)/N27 -> 0.37580529 | Y27: 20180126 | Z27: 8-69 | AB27: 3 | AD27: Emily | AE27: Turner Designs Aquafluor Handheld Serial Number 800446 | AF27: 1 | AG27: 0
A28: AR22 | B28: 20170902 | D28: 3 | E28: 2 | H28: a | I28: 535 | J28: 0 | K28: 5 | L28: 1 | M28: 0 | N28: 1 | O28: Cal_012618_12mm | P28: =Cal_012618_12mm!$Q$3 -> 1.9020156 | Q28: =Cal_012618_12mm!$R$3 -> 0.48423689 | R28: 124.7 | S28: 83.43 | T28: 0.66033 | U28: =(R28-T28)*(L28+M28)/L28 -> 124.03967 | V28: =(S28-T28)*(L28+M28)/L28 -> 82.76967 | W28: =(Q28*P28/(P28-1)*(U28-V28)*(K28)/I28)/N28 -> 0.39382982 | X28: =(Q28*P28/(P28-1)*(P28*V28-U28)*(K28)/I28)/N28 -> 0.31862837 | Y28: 20180126 | Z28: 8-69 | AB28: 3 | AD28: Emily | AE28: Turner Designs Aquafluor Handheld Serial Number 800446 | AF28: 3 | AG28: 0 | AH28: tissue capsule labeled 03-02c. Decide it was supposed to say a. Matched rep b well
A29: AR22 | B29: 20170902 | D29: 3 | E29: 2 | H29: b | I29: 535 | J29: 0 | K29: 5 | L29: 1 | M29: 0 | N29: 1 | O29: Cal_012618_12mm | P29: =Cal_012618_12mm!$Q$3 -> 1.9020156 | Q29: =Cal_012618_12mm!$R$3 -> 0.48423689 | R29: 123.4 | S29: 82.22 | T29: 0.87933 | U29: =(R29-T29)*(L29+M29)/L29 -> 122.52067 | V29: =(S29-T29)*(L29+M29)/L29 -> 81.34067 | W29: =(Q29*P29/(P29-1)*(U29-V29)*(K29)/I29)/N29 -> 0.39297097 | X29: =(Q29*P29/(P29-1)*(P29*V29-U29)*(K29)/I29)/N29 -> 0.30718679 | Y29: 20180126 | Z29: 8-76 | AB29: 3 | AD29: Emily | AE29: Turner Designs Aquafluor Handheld Serial Number 800446 | AF29: 1 | AG29: 0 | AH29: replaced replicate a with c? as provided in the lab notebook 8, pg 69
A30: AR22 | B30: 20170902 | D30: 3 | E30: 3 | H30: a | I30: 535 | J30: 0 | K30: 5 | L30: 1 | M30: 0 | N30: 1 | O30: Cal_012618_12mm | P30: =Cal_012618_12mm!$Q$3 -> 1.9020156 | Q30: =Cal_012618_12mm!$R$3 -> 0.48423689 | R30: 92.73 | S30: 61.74 | T30: 0.66033 | U30: =(R30-T30)*(L30+M30)/L30 -> 92.06967 | V30: =(S30-T30)*(L30+M30)/L30 -> 61.07967 | W30: =(Q30*P30/(P30-1)*(U30-V30)*(K30)/I30)/N30 -> 0.29573022 | X30: =(Q30*P30/(P30-1)*(P30*V30-U30)*(K30)/I30)/N30 -> 0.23002651 | Y30: 20180126 | Z30: 8-69 | AB30: 3 | AD30: Emily | AE30: Turner Designs Aquafluor Handheld Serial Number 800446 | AF30: 1 | AG30: 0
A31: AR22 | B31: 20170902 | D31: 3 | E31: 3 | H31: b | I31: 535 | J31: 0 | K31: 5 | L31: 1 | M31: 0 | N31: 1 | O31: Cal_012618_12mm | P31: =Cal_012618_12mm!$Q$3 -> 1.9020156 | Q31: =Cal_012618_12mm!$R$3 -> 0.48423689 | R31: 88.81 | S31: 60.01 | T31: 0.493 | U31: =(R31-T31)*(L31+M31)/L31 -> 88.317 | V31: =(S31-T31)*(L31+M31)/L31 -> 59.517 | W31: =(Q31*P31/(P31-1)*(U31-V31)*(K31)/I31)/N31 -> 0.27483157 | X31: =(Q31*P31/(P31-1)*(P31*V31-U31)*(K31)/I31)/N31 -> 0.23747414 | Y31: 20180126 | Z31: 8-65 | AB31: 3 | AD31: Emily | AE31: Turner Designs Aquafluor Handheld Serial Number 800446 | AF31: 1 | AG31: 0 | AH31: recorded as replicate b in lab notebook 8-69
A32: AR22 | B32: 20170902 | D32: 3 | E32: 4 | H32: a | I32: 535 | J32: 0 | K32: 5 | L32: 1 | M32: 0 | N32: 1 | O32: Cal_012618_12mm | P32: =Cal_012618_12mm!$Q$3 -> 1.9020156 | Q32: =Cal_012618_12mm!$R$3 -> 0.48423689 | R32: 208.7 | S32: 137.7 | T32: 0.66033 | U32: =(R32-T32)*(L32+M32)/L32 -> 208.03967 | V32: =(S32-T32)*(L32+M32)/L32 -> 137.03967 | W32: =(Q32*P32/(P32-1)*(U32-V32)*(K32)/I32)/N32 -> 0.67753616 | X32: =(Q32*P32/(P32-1)*(P32*V32-U32)*(K32)/I32)/N32 -> 0.50206303 | Y32: 20180126 | Z32: 8-69 | AB32: 3 | AD32: Emily | AE32: Turner Designs Aquafluor Handheld Serial Number 800446 | AF32: 1 | AG32: 0
A33: AR22 | B33: 20170902 | D33: 3 | E33: 4 | H33: b | I33: 535 | J33: 0 | K33: 5 | L33: 1 | M33: 0 | N33: 1 | O33: Cal_012618_12mm | P33: =Cal_012618_12mm!$Q$3 -> 1.9020156 | Q33: =Cal_012618_12mm!$R$3 -> 0.48423689 | R33: 214.8 | S33: 139.4 | T33: 0.87933 | U33: =(R33-T33)*(L33+M33)/L33 -> 213.92067 | V33: =(S33-T33)*(L33+M33)/L33 -> 138.52067 | W33: =(Q33*P33/(P33-1)*(U33-V33)*(K33)/I33)/N33 -> 0.71952432 | X33: =(Q33*P33/(P33-1)*(P33*V33-U33)*(K33)/I33)/N33 -> 0.47282291 | Y33: 20180126 | Z33: 8-76 | AB33: 3 | AD33: Emily | AE33: Turner Designs Aquafluor Handheld Serial Number 800446 | AF33: 1 | AG33: 0
A34: AR22 | B34: 20170902 | D34: 3 | E34: 5 | H34: a | I34: 535 | J34: 0 | K34: 5 | L34: 1 | M34: 0 | N34: 1 | O34: Cal_012618_12mm | P34: =Cal_012618_12mm!$Q$3 -> 1.9020156 | Q34: =Cal_012618_12mm!$R$3 -> 0.48423689 | R34: 466.1 | S34: 301 | T34: 0.493 | U34: =(R34-T34)*(L34+M34)/L34 -> 465.607 | V34: =(S34-T34)*(L34+M34)/L34 -> 300.507 | W34: =(Q34*P34/(P34-1)*(U34-V34)*(K34)/I34)/N34 -> 1.5755101 | X34: =(Q34*P34/(P34-1)*(P34*V34-U34)*(K34)/I34)/N34 -> 1.0111702 | Y34: 20180126 | Z34: 8-65 | AB34: 3 | AD34: Emily | AE34: Turner Designs Aquafluor Handheld Serial Number 800446 | AF34: 1 | AG34: 0
A35: AR22 | B35: 20170902 | D35: 3 | E35: 5 | H35: b | I35: 535 | J35: 0 | K35: 5 | L35: 1 | M35: 0 | N35: 1 | O35: Cal_012618_12mm | P35: =Cal_012618_12mm!$Q$3 -> 1.9020156 | Q35: =Cal_012618_12mm!$R$3 -> 0.48423689 | R35: 465.6 | S35: 296.9 | T35: 0.87933 | U35: =(R35-T35)*(L35+M35)/L35 -> 464.72067 | V35: =(S35-T35)*(L35+M35)/L35 -> 296.02067 | W35: =(Q35*P35/(P35-1)*(U35-V35)*(K35)/I35)/N35 -> 1.6098641 | X35: =(Q35*P35/(P35-1)*(P35*V35-U35)*(K35)/I35)/N35 -> 0.93819913 | Y35: 20180126 | Z35: 8-76 | AB35: 3 | AD35: Emily | AE35: Turner Designs Aquafluor Handheld Serial Number 800446 | AF35: 1 | AG35: 0
A36: AR22 | B36: 20170902 | D36: 3 | E36: 6 | H36: a | I36: 540 | J36: 0 | K36: 5 | L36: 1 | M36: 0 | N36: 1 | O36: Cal_012618_12mm | P36: =Cal_012618_12mm!$Q$3 -> 1.9020156 | Q36: =Cal_012618_12mm!$R$3 -> 0.48423689 | R36: 148.4 | S36: 96.64 | T36: 0.87933 | U36: =(R36-T36)*(L36+M36)/L36 -> 147.52067 | V36: =(S36-T36)*(L36+M36)/L36 -> 95.76067 | W36: =(Q36*P36/(P36-1)*(U36-V36)*(K36)/I36)/N36 -> 0.48935995 | X36: =(Q36*P36/(P36-1)*(P36*V36-U36)*(K36)/I36)/N36 -> 0.32728891 | Y36: 20180126 | Z36: 8-76 | AB36: 3 | AD36: Emily | AE36: Turner Designs Aquafluor Handheld Serial Number 800446 | AF36: 1 | AG36: 0
A37: AR22 | B37: 20170902 | D37: 3 | E37: 6 | H37: b | I37: 540 | J37: 0 | K37: 5 | L37: 1 | M37: 0 | N37: 1 | O37: Cal_012618_12mm | P37: =Cal_012618_12mm!$Q$3 -> 1.9020156 | Q37: =Cal_012618_12mm!$R$3 -> 0.48423689 | R37: 154.8 | S37: 99.94 | T37: 0.66033 | U37: =(R37-T37)*(L37+M37)/L37 -> 154.13967 | V37: =(S37-T37)*(L37+M37)/L37 -> 99.27967 | W37: =(Q37*P37/(P37-1)*(U37-V37)*(K37)/I37)/N37 -> 0.5186686 | X37: =(Q37*P37/(P37-1)*(P37*V37-U37)*(K37)/I37)/N37 -> 0.32799036 | Y37: 20180126 | Z37: 8-69 | AB37: 3 | AD37: Emily | AE37: Turner Designs Aquafluor Handheld Serial Number 800446 | AF37: 1 | AG37: 0
A38: AR22 | B38: 20170902 | D38: 3 | E38: 6 | H38: a | I38: 540 | J38: 10 | K38: 5 | L38: 1 | M38: 0 | N38: 1 | O38: Cal_012618_12mm | P38: =Cal_012618_12mm!$Q$3 -> 1.9020156 | Q38: =Cal_012618_12mm!$R$3 -> 0.48423689 | R38: 133.4 | S38: 85.49 | T38: 0.66033 | U38: =(R38-T38)*(L38+M38)/L38 -> 132.73967 | V38: =(S38-T38)*(L38+M38)/L38 -> 84.82967 | W38: =(Q38*P38/(P38-1)*(U38-V38)*(K38)/I38)/N38 -> 0.45296049 | X38: =(Q38*P38/(P38-1)*(P38*V38-U38)*(K38)/I38)/N38 -> 0.27046859 | Y38: 20180126 | Z38: 8-69 | AB38: 3 | AD38: Emily | AE38: Turner Designs Aquafluor Handheld Serial Number 800446 | AF38: 1 | AG38: 0 | AH38: There is no <10b
A39: AR22 | B39: 20170902 | D39: 4 | E39: 1 | H39: a | I39: 535 | J39: 0 | K39: 5 | L39: 1 | M39: 0 | N39: 1 | O39: Cal_012618_12mm | P39: =Cal_012618_12mm!$Q$3 -> 1.9020156 | Q39: =Cal_012618_12mm!$R$3 -> 0.48423689 | R39: 114.7 | S39: 76.89 | T39: 0.66033 | U39: =(R39-T39)*(L39+M39)/L39 -> 114.03967 | V39: =(S39-T39)*(L39+M39)/L39 -> 76.22967 | W39: =(Q39*P39/(P39-1)*(U39-V39)*(K39)/I39)/N39 -> 0.36081186 | X39: =(Q39*P39/(P39-1)*(P39*V39-U39)*(K39)/I39)/N39 -> 0.29535184 | Y39: 20180126 | Z39: 8-69 | AB39: 3 | AD39: Emily | AE39: Turner Designs Aquafluor Handheld Serial Number 800446 | AF39: 1 | AG39: 0
A40: AR22 | B40: 20170902 | D40: 4 | E40: 1 | H40: b | I40: 535 | J40: 0 | K40: 5 | L40: 1 | M40: 0 | N40: 1 | O40: Cal_012618_12mm | P40: =Cal_012618_12mm!$Q$3 -> 1.9020156 | Q40: =Cal_012618_12mm!$R$3 -> 0.48423689 | R40: 117 | S40: 80.2 | T40: 0.66033 | U40: =(R40-T40)*(L40+M40)/L40 -> 116.33967 | V40: =(S40-T40)*(L40+M40)/L40 -> 79.53967 | W40: =(Q40*P40/(P40-1)*(U40-V40)*(K40)/I40)/N40 -> 0.35117367 | X40: =(Q40*P40/(P40-1)*(P40*V40-U40)*(K40)/I40)/N40 -> 0.33348158 | Y40: 20180126 | Z40: 8-69 | AB40: 3 | AD40: Emily | AE40: Turner Designs Aquafluor Handheld Serial Number 800446 | AF40: 1 | AG40: 0
A41: AR22 | B41: 20170902 | D41: 4 | E41: 2 | H41: a | I41: 535 | J41: 0 | K41: 5 | L41: 1 | M41: 0 | N41: 1 | O41: Cal_012618_12mm | P41: =Cal_012618_12mm!$Q$3 -> 1.9020156 | Q41: =Cal_012618_12mm!$R$3 -> 0.48423689 | R41: 386.7 | S41: 251.4 | T41: 0.66033 | U41: =(R41-T41)*(L41+M41)/L41 -> 386.03967 | V41: =(S41-T41)*(L41+M41)/L41 -> 250.73967 | W41: =(Q41*P41/(P41-1)*(U41-V41)*(K41)/I41)/N41 -> 1.2911358 | X41: =(Q41*P41/(P41-1)*(P41*V41-U41)*(K41)/I41)/N41 -> 0.86716121 | Y41: 20180126 | Z41: 8-69 | AB41: 3 | AD41: Emily | AE41: Turner Designs Aquafluor Handheld Serial Number 800446 | AF41: 1 | AG41: 0
A42: AR22 | B42: 20170902 | D42: 4 | E42: 2 | H42: b | I42: 535 | J42: 0 | K42: 5 | L42: 1 | M42: 0 | N42: 1 | O42: Cal_012618_12mm | P42: =Cal_012618_12mm!$Q$3 -> 1.9020156 | Q42: =Cal_012618_12mm!$R$3 -> 0.48423689 | R42: 437.9 | S42: 279.9 | T42: 0.66033 | U42: =(R42-T42)*(L42+M42)/L42 -> 437.23967 | V42: =(S42-T42)*(L42+M42)/L42 -> 279.23967 | W42: =(Q42*P42/(P42-1)*(U42-V42)*(K42)/I42)/N42 -> 1.5077565 | X42: =(Q42*P42/(P42-1)*(P42*V42-U42)*(K42)/I42)/N42 -> 0.89586053 | Y42: 20180126 | Z42: 8-69 | AB42: 3 | AD42: Emily | AE42: Turner Designs Aquafluor Handheld Serial Number 800446 | AF42: 1 | AG42: 0
A43: AR22 | B43: 20170902 | D43: 4 | E43: 3 | H43: a | I43: 535 | J43: 0 | K43: 5 | L43: 1 | M43: 0 | N43: 1 | O43: Cal_012618_12mm | P43: =Cal_012618_12mm!$Q$3 -> 1.9020156 | Q43: =Cal_012618_12mm!$R$3 -> 0.48423689 | R43: 68.91 | S43: 47.85 | T43: 0.66033 | U43: =(R43-T43)*(L43+M43)/L43 -> 68.24967 | V43: =(S43-T43)*(L43+M43)/L43 -> 47.18967 | W43: =(Q43*P43/(P43-1)*(U43-V43)*(K43)/I43)/N43 -> 0.20097059 | X43: =(Q43*P43/(P43-1)*(P43*V43-U43)*(K43)/I43)/N43 -> 0.20522491 | Y43: 20180126 | Z43: 8-69 | AB43: 3 | AD43: Emily | AE43: Turner Designs Aquafluor Handheld Serial Number 800446 | AF43: 1 | AG43: 1
A44: AR22 | B44: 20170902 | D44: 4 | E44: 3 | H44: b | I44: 535 | J44: 0 | K44: 5 | L44: 1 | M44: 0 | N44: 1 | O44: Cal_012618_12mm | P44: =Cal_012618_12mm!$Q$3 -> 1.9020156 | Q44: =Cal_012618_12mm!$R$3 -> 0.48423689 | R44: 80.24 | S44: 53.47 | T44: 0.87933 | U44: =(R44-T44)*(L44+M44)/L44 -> 79.36067 | V44: =(S44-T44)*(L44+M44)/L44 -> 52.59067 | W44: =(Q44*P44/(P44-1)*(U44-V44)*(K44)/I44)/N44 -> 0.25545976 | X44: =(Q44*P44/(P44-1)*(P44*V44-U44)*(K44)/I44)/N44 -> 0.19722603 | Y44: 20180126 | Z44: 8-76 | AB44: 3 | AD44: Emily | AE44: Turner Designs Aquafluor Handheld Serial Number 800446 | AF44: 1 | AG44: 1
A45: AR22 | B45: 20170902 | D45: 4 | E45: 4 | H45: a | I45: 535 | J45: 0 | K45: 5 | L45: 1 | M45: 0 | N45: 1 | O45: Cal_012618_12mm | P45: =Cal_012618_12mm!$Q$3 -> 1.9020156 | Q45: =Cal_012618_12mm!$R$3 -> 0.48423689 | R45: 262.2 | S45: 166.4 | T45: 0.87933 | U45: =(R45-T45)*(L45+M45)/L45 -> 261.32067 | V45: =(S45-T45)*(L45+M45)/L45 -> 165.52067 | W45: =(Q45*P45/(P45-1)*(U45-V45)*(K45)/I45)/N45 -> 0.91419668 | X45: =(Q45*P45/(P45-1)*(P45*V45-U45)*(K45)/I45)/N45 -> 0.510559 | Y45: 20180126 | Z45: 8-76 | AB45: 3 | AD45: Emily | AE45: Turner Designs Aquafluor Handheld Serial Number 800446 | AF45: 1 | AG45: 0
A46: AR22 | B46: 20170902 | D46: 4 | E46: 4 | H46: b | I46: 535 | J46: 0 | K46: 5 | L46: 1 | M46: 0 | N46: 1 | O46: Cal_012618_12mm | P46: =Cal_012618_12mm!$Q$3 -> 1.9020156 | Q46: =Cal_012618_12mm!$R$3 -> 0.48423689 | R46: 253.2 | S46: 162.2 | T46: 0.87933 | U46: =(R46-T46)*(L46+M46)/L46 -> 252.32067 | V46: =(S46-T46)*(L46+M46)/L46 -> 161.32067 | W46: =(Q46*P46/(P46-1)*(U46-V46)*(K46)/I46)/N46 -> 0.86839142 | X46: =(Q46*P46/(P46-1)*(P46*V46-U46)*(K46)/I46)/N46 -> 0.52021184 | Y46: 20180126 | Z46: 8-76 | AB46: 3 | AD46: Emily | AE46: Turner Designs Aquafluor Handheld Serial Number 800446 | AF46: 1 | AG46: 0
A47: AR22 | B47: 20170902 | D47: 4 | E47: 5 | H47: a | I47: 535 | J47: 0 | K47: 5 | L47: 1 | M47: 0 | N47: 1 | O47: Cal_012618_12mm | P47: =Cal_012618_12mm!$Q$3 -> 1.9020156 | Q47: =Cal_012618_12mm!$R$3 -> 0.48423689 | R47: 315.2 | S47: 202 | T47: 0.66033 | U47: =(R47-T47)*(L47+M47)/L47 -> 314.53967 | V47: =(S47-T47)*(L47+M47)/L47 -> 201.33967 | W47: =(Q47*P47/(P47-1)*(U47-V47)*(K47)/I47)/N47 -> 1.0802408 | X47: =(Q47*P47/(P47-1)*(P47*V47-U47)*(K47)/I47)/N47 -> 0.65283487 | Y47: 20180126 | Z47: 8-69 | AB47: 3 | AD47: Emily | AE47: Turner Designs Aquafluor Handheld Serial Number 800446 | AF47: 1 | AG47: 0
A48: AR22 | B48: 20170902 | D48: 4 | E48: 5 | H48: b | I48: 535 | J48: 0 | K48: 10 | L48: 1 | M48: 0 | N48: 1 | O48: =Cal_110119!$P$3 -> Cal_110119 | P48: =Cal_110119!$Q$3 -> 1.8682 | Q48: =Cal_110119!$R$3 -> 0.5122 | R48: 144.2 | S48: 92.3 | T48: 0.78916667 | U48: =(R48-T48)*(L48+M48)/L48 -> 143.41083 | V48: =(S48-T48)*(L48+M48)/L48 -> 91.510833 | W48: =(Q48*P48/(P48-1)*(U48-V48)*(K48)/I48)/N48 -> 1.0691945 | X48: =(Q48*P48/(P48-1)*(P48*V48-U48)*(K48)/I48)/N48 -> 0.56755289 | Y48: =Cal_110119!$O$3 -> 20181101 | Z48: 9-58 | AB48: 3 | AD48: Emily | AE48: Turner Designs Aquafluor Handheld Serial Number 800446 | AF48: 1 | AG48: 0
A49: AR22 | B49: 20170902 | D49: 4 | E49: 6 | H49: a | I49: 540 | J49: 0 | K49: 5 | L49: 1 | M49: 0 | N49: 1 | O49: Cal_012618_12mm | P49: =Cal_012618_12mm!$Q$3 -> 1.9020156 | Q49: =Cal_012618_12mm!$R$3 -> 0.48423689 | R49: 166.5 | S49: 103.6 | T49: 0.87933 | U49: =(R49-T49)*(L49+M49)/L49 -> 165.62067 | V49: =(S49-T49)*(L49+M49)/L49 -> 102.72067 | W49: =(Q49*P49/(P49-1)*(U49-V49)*(K49)/I49)/N49 -> 0.59468201 | X49: =(Q49*P49/(P49-1)*(P49*V49-U49)*(K49)/I49)/N49 -> 0.28132187 | Y49: 20180126 | Z49: 8-76 | AB49: 3 | AD49: Emily | AE49: Turner Designs Aquafluor Handheld Serial Number 800446 | AF49: 1 | AG49: 0
A50: AR22 | B50: 20170902 | D50: 4 | E50: 6 | H50: b | I50: 540 | J50: 0 | K50: 5 | L50: 1 | M50: 0 | N50: 1 | O50: Cal_012618_12mm | P50: =Cal_012618_12mm!$Q$3 -> 1.9020156 | Q50: =Cal_012618_12mm!$R$3 -> 0.48423689 | R50: 175.7 | S50: 111.3 | T50: 0.493 | U50: =(R50-T50)*(L50+M50)/L50 -> 175.207 | V50: =(S50-T50)*(L50+M50)/L50 -> 110.807 | W50: =(Q50*P50/(P50-1)*(U50-V50)*(K50)/I50)/N50 -> 0.60886361 | X50: =(Q50*P50/(P50-1)*(P50*V50-U50)*(K50)/I50)/N50 -> 0.33610064 | Y50: 20180126 | Z50: 8-65 | AB50: 3 | AD50: Emily | AE50: Turner Designs Aquafluor Handheld Serial Number 800446 | AF50: 1 | AG50: 0
A51: AR22 | B51: 20170902 | D51: 4 | E51: 6 | H51: a | I51: 540 | J51: 10 | K51: 5 | L51: 1 | M51: 0 | N51: 1 | O51: Cal_012618_12mm | P51: =Cal_012618_12mm!$Q$3 -> 1.9020156 | Q51: =Cal_012618_12mm!$R$3 -> 0.48423689 | R51: 145.6 | S51: 91.95 | T51: 0.66033 | U51: =(R51-T51)*(L51+M51)/L51 -> 144.93967 | V51: =(S51-T51)*(L51+M51)/L51 -> 91.28967 | W51: =(Q51*P51/(P51-1)*(U51-V51)*(K51)/I51)/N51 -> 0.50722877 | X51: =(Q51*P51/(P51-1)*(P51*V51-U51)*(K51)/I51)/N51 -> 0.27129131 | Y51: 20180126 | Z51: 8-69 | AB51: 3 | AD51: Emily | AE51: Turner Designs Aquafluor Handheld Serial Number 800446 | AF51: 1 | AG51: 0
A52: AR22 | B52: 20170902 | D52: 4 | E52: 6 | H52: b | I52: 540 | J52: 10 | K52: 5 | L52: 1 | M52: 0 | N52: 1 | O52: Cal_012618_12mm | P52: =Cal_012618_12mm!$Q$3 -> 1.9020156 | Q52: =Cal_012618_12mm!$R$3 -> 0.48423689 | R52: 140.7 | S52: 89.33 | T52: 0.66033 | U52: =(R52-T52)*(L52+M52)/L52 -> 140.03967 | V52: =(S52-T52)*(L52+M52)/L52 -> 88.66967 | W52: =(Q52*P52/(P52-1)*(U52-V52)*(K52)/I52)/N52 -> 0.48567273 | X52: =(Q52*P52/(P52-1)*(P52*V52-U52)*(K52)/I52)/N52 -> 0.27050394 | Y52: 20180126 | Z52: 8-69 | AB52: 3 | AD52: Emily | AE52: Turner Designs Aquafluor Handheld Serial Number 800446 | AF52: 1 | AG52: 0
A53: AR22 | B53: 20170902 | D53: 5 | E53: 1 | H53: a | I53: 535 | J53: 0 | K53: 5 | L53: 1 | M53: 0 | N53: 1 | O53: Cal_012618_12mm | P53: =Cal_012618_12mm!$Q$3 -> 1.9020156 | Q53: =Cal_012618_12mm!$R$3 -> 0.48423689 | R53: 61.21 | S53: 43.55 | T53: 0.493 | U53: =(R53-T53)*(L53+M53)/L53 -> 60.717 | V53: =(S53-T53)*(L53+M53)/L53 -> 43.057 | W53: =(Q53*P53/(P53-1)*(U53-V53)*(K53)/I53)/N53 -> 0.16852519 | X53: =(Q53*P53/(P53-1)*(P53*V53-U53)*(K53)/I53)/N53 -> 0.20209743 | Y53: 20180126 | Z53: 8-65 | AB53: 3 | AD53: Emily | AE53: Turner Designs Aquafluor Handheld Serial Number 800446 | AF53: 3 | AG53: 1 | AH53: 30% percent range, could this have been switched with C5N2a?
A54: AR22 | B54: 20170902 | D54: 5 | E54: 1 | H54: b | I54: 535 | J54: 0 | K54: 10 | L54: 1 | M54: 0 | N54: 1 | O54: =Cal_110119!$P$3 -> Cal_110119 | P54: =Cal_110119!$Q$3 -> 1.8682 | Q54: =Cal_110119!$R$3 -> 0.5122 | R54: 27.05 | S54: 20.55 | T54: 0.78916667 | U54: =(R54-T54)*(L54+M54)/L54 -> 26.260833 | V54: =(S54-T54)*(L54+M54)/L54 -> 19.760833 | W54: =(Q54*P54/(P54-1)*(U54-V54)*(K54)/I54)/N54 -> 0.13390683 | X54: =(Q54*P54/(P54-1)*(P54*V54-U54)*(K54)/I54)/N54 -> 0.21953212 | Y54: =Cal_110119!$O$3 -> 20181101 | Z54: 9-58 | AB54: 3 | AD54: Emily | AE54: Turner Designs Aquafluor Handheld Serial Number 800446 | AF54: 1 | AG54: 1 | AH54: 30% percent range
A55: AR22 | B55: 20170902 | D55: 5 | E55: 2 | H55: a | I55: 535 | J55: 0 | K55: 5 | L55: 1 | M55: 0 | N55: 1 | O55: Cal_012618_12mm | P55: =Cal_012618_12mm!$Q$3 -> 1.9020156 | Q55: =Cal_012618_12mm!$R$3 -> 0.48423689 | R55: 51.99 | S55: 39.48 | T55: 0.87933 | U55: =(R55-T55)*(L55+M55)/L55 -> 51.11067 | V55: =(S55-T55)*(L55+M55)/L55 -> 38.60067 | W55: =(Q55*P55/(P55-1)*(U55-V55)*(K55)/I55)/N55 -> 0.11937996 | X55: =(Q55*P55/(P55-1)*(P55*V55-U55)*(K55)/I55)/N55 -> 0.21288382 | Y55: 20180126 | Z55: 8-76 | AB55: 3 | AD55: Emily | AE55: Turner Designs Aquafluor Handheld Serial Number 800446 | AF55: 3 | AG55: 1 | AH55: 23% percent range, could this have been switched with C5N1a?
A56: AR22 | B56: 20170902 | D56: 5 | E56: 2 | H56: b | I56: 535 | J56: 0 | K56: 5 | L56: 1 | M56: 0 | N56: 1 | O56: Cal_012618_12mm | P56: =Cal_012618_12mm!$Q$3 -> 1.9020156 | Q56: =Cal_012618_12mm!$R$3 -> 0.48423689 | R56: 57.48 | S56: 41.61 | T56: 0.493 | U56: =(R56-T56)*(L56+M56)/L56 -> 56.987 | V56: =(S56-T56)*(L56+M56)/L56 -> 41.117 | W56: =(Q56*P56/(P56-1)*(U56-V56)*(K56)/I56)/N56 -> 0.15144365 | X56: =(Q56*P56/(P56-1)*(P56*V56-U56)*(K56)/I56)/N56 -> 0.20248 | Y56: 20180126 | Z56: 8-65 | AB56: 3 | AD56: Emily | AE56: Turner Designs Aquafluor Handheld Serial Number 800446 | AF56: 1 | AG56: 1 | AH56: 23% percent range
A57: AR22 | B57: 20170902 | D57: 5 | E57: 3 | H57: a | I57: 535 | J57: 0 | K57: 5 | L57: 1 | M57: 0 | N57: 1 | O57: Cal_012618_12mm | P57: =Cal_012618_12mm!$Q$3 -> 1.9020156 | Q57: =Cal_012618_12mm!$R$3 -> 0.48423689 | R57: 114.4 | S57: 73.1 | T57: 0.87933 | U57: =(R57-T57)*(L57+M57)/L57 -> 113.52067 | V57: =(S57-T57)*(L57+M57)/L57 -> 72.22067 | W57: =(Q57*P57/(P57-1)*(U57-V57)*(K57)/I57)/N57 -> 0.39411611 | X57: =(Q57*P57/(P57-1)*(P57*V57-U57)*(K57)/I57)/N57 -> 0.22753924 | Y57: 20180126 | Z57: 8-76 | AB57: 3 | AD57: Emily | AE57: Turner Designs Aquafluor Handheld Serial Number 800446 | AF57: 1 | AG57: 0
A58: AR22 | B58: 20170902 | D58: 5 | E58: 3 | H58: b | I58: 535 | J58: 0 | K58: 5 | L58: 1 | M58: 0 | N58: 1 | O58: Cal_012618_12mm | P58: =Cal_012618_12mm!$Q$3 -> 1.9020156 | Q58: =Cal_012618_12mm!$R$3 -> 0.48423689 | R58: 110.7 | S58: 70.73 | T58: 0.66033 | U58: =(R58-T58)*(L58+M58)/L58 -> 110.03967 | V58: =(S58-T58)*(L58+M58)/L58 -> 70.06967 | W58: =(Q58*P58/(P58-1)*(U58-V58)*(K58)/I58)/N58 -> 0.38142423 | X58: =(Q58*P58/(P58-1)*(P58*V58-U58)*(K58)/I58)/N58 -> 0.22171591 | Y58: 20180126 | Z58: 8-69 | AB58: 3 | AD58: Emily | AE58: Turner Designs Aquafluor Handheld Serial Number 800446 | AF58: 1 | AG58: 0
A59: AR22 | B59: 20170902 | D59: 5 | E59: 4 | H59: a | I59: 535 | J59: 0 | K59: 5 | L59: 1 | M59: 0 | N59: 1 | O59: Cal_012618_12mm | P59: =Cal_012618_12mm!$Q$3 -> 1.9020156 | Q59: =Cal_012618_12mm!$R$3 -> 0.48423689 | R59: 819.2 | S59: 532.8 | T59: 0.493 | U59: =(R59-T59)*(L59+M59)/L59 -> 818.707 | V59: =(S59-T59)*(L59+M59)/L59 -> 532.307 | W59: =(Q59*P59/(P59-1)*(U59-V59)*(K59)/I59)/N59 -> 2.7330473 | X59: =(Q59*P59/(P59-1)*(P59*V59-U59)*(K59)/I59)/N59 -> 1.8489027 | Y59: 20180126 | Z59: 8-65 | AB59: 3 | AD59: Emily | AE59: Turner Designs Aquafluor Handheld Serial Number 800446 | AF59: 1 | AG59: 0
A60: AR22 | B60: 20170902 | D60: 5 | E60: 4 | H60: b | I60: 535 | J60: 0 | K60: 10 | L60: 1 | M60: 0 | N60: 1 | O60: Cal_012618_12mm | P60: =Cal_012618_12mm!$Q$3 -> 1.9020156 | Q60: =Cal_012618_12mm!$R$3 -> 0.48423689 | R60: 479.8 | S60: 308.5 | T60: 0.66033 | U60: =(R60-T60)*(L60+M60)/L60 -> 479.13967 | V60: =(S60-T60)*(L60+M60)/L60 -> 307.83967 | W60: =(Q60*P60/(P60-1)*(U60-V60)*(K60)/I60)/N60 -> 3.2693505 | X60: =(Q60*P60/(P60-1)*(P60*V60-U60)*(K60)/I60)/N60 -> 2.0302452 | Y60: 20180126 | Z60: 8-70 | AB60: 3 | AD60: Emily | AE60: Turner Designs Aquafluor Handheld Serial Number 800446 | AF60: 1 | AG60: 0
A61: AR22 | B61: 20170902 | D61: 5 | E61: 5 | H61: a | I61: 535 | J61: 0 | K61: 5 | L61: 1 | M61: 0 | N61: 1 | O61: Cal_012618_12mm | P61: =Cal_012618_12mm!$Q$3 -> 1.9020156 | Q61: =Cal_012618_12mm!$R$3 -> 0.48423689 | R61: 126.8 | S61: 81.98 | T61: 0.493 | U61: =(R61-T61)*(L61+M61)/L61 -> 126.307 | V61: =(S61-T61)*(L61+M61)/L61 -> 81.487 | W61: =(Q61*P61/(P61-1)*(U61-V61)*(K61)/I61)/N61 -> 0.42770663 | X61: =(Q61*P61/(P61-1)*(P61*V61-U61)*(K61)/I61)/N61 -> 0.2737107 | Y61: 20180126 | Z61: 8-65 | AB61: 3 | AD61: Emily | AE61: Turner Designs Aquafluor Handheld Serial Number 800446 | AF61: 1 | AG61: 0
A62: AR22 | B62: 20170902 | D62: 5 | E62: 5 | H62: b | I62: 535 | J62: 0 | K62: 5 | L62: 1 | M62: 0 | N62: 1 | O62: Cal_012618_12mm | P62: =Cal_012618_12mm!$Q$3 -> 1.9020156 | Q62: =Cal_012618_12mm!$R$3 -> 0.48423689 | R62: 120.8 | S62: 79.57 | T62: 0.66033 | U62: =(R62-T62)*(L62+M62)/L62 -> 120.13967 | V62: =(S62-T62)*(L62+M62)/L62 -> 78.90967 | W62: =(Q62*P62/(P62-1)*(U62-V62)*(K62)/I62)/N62 -> 0.39344811 | X62: =(Q62*P62/(P62-1)*(P62*V62-U62)*(K62)/I62)/N62 -> 0.28578428 | Y62: 20180126 | Z62: 8-70 | AB62: 3 | AD62: Emily | AE62: Turner Designs Aquafluor Handheld Serial Number 800446 | AF62: 1 | AG62: 0
A63: AR22 | B63: 20170902 | D63: 5 | E63: 6 | H63: a | I63: 540 | J63: 0 | K63: 5 | L63: 1 | M63: 0 | N63: 1 | O63: Cal_012618_12mm | P63: =Cal_012618_12mm!$Q$3 -> 1.9020156 | Q63: =Cal_012618_12mm!$R$3 -> 0.48423689 | R63: 45.17 | S63: 28.07 | T63: 0.87933 | U63: =(R63-T63)*(L63+M63)/L63 -> 44.29067 | V63: =(S63-T63)*(L63+M63)/L63 -> 27.19067 | W63: =(Q63*P63/(P63-1)*(U63-V63)*(K63)/I63)/N63 -> 0.16167031 | X63: =(Q63*P63/(P63-1)*(P63*V63-U63)*(K63)/I63)/N63 -> 0.070212257 | Y63: 20180126 | Z63: 8-76 | AB63: 3 | AD63: Emily | AE63: Turner Designs Aquafluor Handheld Serial Number 800446 | AF63: 1 | AG63: 1
A64: AR22 | B64: 20170902 | D64: 5 | E64: 6 | H64: b | I64: 540 | J64: 0 | K64: 5 | L64: 1 | M64: 0 | N64: 1 | O64: Cal_012618_12mm | P64: =Cal_012618_12mm!$Q$3 -> 1.9020156 | Q64: =Cal_012618_12mm!$R$3 -> 0.48423689 | R64: 44.24 | S64: 27.67 | T64: 0.66033 | U64: =(R64-T64)*(L64+M64)/L64 -> 43.57967 | V64: =(S64-T64)*(L64+M64)/L64 -> 27.00967 | W64: =(Q64*P64/(P64-1)*(U64-V64)*(K64)/I64)/N64 -> 0.15665947 | X64: =(Q64*P64/(P64-1)*(P64*V64-U64)*(K64)/I64)/N64 -> 0.073679519 | Y64: 20180126 | Z64: 8-70 | AB64: 3 | AD64: Emily | AE64: Turner Designs Aquafluor Handheld Serial Number 800446 | AF64: 1 | AG64: 1
A65: AR22 | B65: 20170902 | D65: 5 | E65: 6 | H65: a | I65: 540 | J65: 10 | K65: 5 | L65: 1 | M65: 0 | N65: 1 | O65: Cal_012618_12mm | P65: =Cal_012618_12mm!$Q$3 -> 1.9020156 | Q65: =Cal_012618_12mm!$R$3 -> 0.48423689 | R65: 36.32 | S65: 22.99 | T65: 0.66033 | U65: =(R65-T65)*(L65+M65)/L65 -> 35.65967 | V65: =(S65-T65)*(L65+M65)/L65 -> 22.32967 | W65: =(Q65*P65/(P65-1)*(U65-V65)*(K65)/I65)/N65 -> 0.1260272 | X65: =(Q65*P65/(P65-1)*(P65*V65-U65)*(K65)/I65)/N65 -> 0.064400657 | Y65: 20180126 | Z65: 8-70 | AB65: 3 | AD65: Emily | AE65: Turner Designs Aquafluor Handheld Serial Number 800446 | AF65: 1 | AG65: 0
A66: AR22 | B66: 20170902 | D66: 5 | E66: 6 | H66: b | I66: 540 | J66: 10 | K66: 5 | L66: 1 | M66: 0 | N66: 1 | O66: Cal_012618_12mm | P66: =Cal_012618_12mm!$Q$3 -> 1.9020156 | Q66: =Cal_012618_12mm!$R$3 -> 0.48423689 | R66: 37.5 | S66: 23.34 | T66: 0.87933 | U66: =(R66-T66)*(L66+M66)/L66 -> 36.62067 | V66: =(S66-T66)*(L66+M66)/L66 -> 22.46067 | W66: =(Q66*P66/(P66-1)*(U66-V66)*(K66)/I66)/N66 -> 0.13387436 | X66: =(Q66*P66/(P66-1)*(P66*V66-U66)*(K66)/I66)/N66 -> 0.057670672 | Y66: 20180126 | Z66: 8-76 | AB66: 3 | AD66: Emily | AE66: Turner Designs Aquafluor Handheld Serial Number 800446 | AF66: 1 | AG66: 0
A67: AR22 | B67: 20170902 | D67: 6 | E67: 1 | H67: a | I67: 535 | J67: 0 | K67: 5 | L67: 1 | M67: 0 | N67: 1 | O67: Cal_012618_12mm | P67: =Cal_012618_12mm!$Q$3 -> 1.9020156 | Q67: =Cal_012618_12mm!$R$3 -> 0.48423689 | R67: 25.72 | S67: 18.83 | T67: 0.87933 | U67: =(R67-T67)*(L67+M67)/L67 -> 24.84067 | V67: =(S67-T67)*(L67+M67)/L67 -> 17.95067 | W67: =(Q67*P67/(P67-1)*(U67-V67)*(K67)/I67)/N67 -> 0.065749636 | X67: =(Q67*P67/(P67-1)*(P67*V67-U67)*(K67)/I67)/N67 -> 0.088764716 | Y67: 20180126 | Z67: 8-76 | AB67: 3 | AD67: Emily | AE67: Turner Designs Aquafluor Handheld Serial Number 800446 | AF67: 1 | AG67: 0
A68: AR22 | B68: 20170902 | D68: 6 | E68: 1 | H68: b | I68: 535 | J68: 0 | K68: 5 | L68: 1 | M68: 0 | N68: 1 | O68: Cal_012618_12mm | P68: =Cal_012618_12mm!$Q$3 -> 1.9020156 | Q68: =Cal_012618_12mm!$R$3 -> 0.48423689 | R68: 26.58 | S68: 19.1 | T68: 0.66033 | U68: =(R68-T68)*(L68+M68)/L68 -> 25.91967 | V68: =(S68-T68)*(L68+M68)/L68 -> 18.43967 | W68: =(Q68*P68/(P68-1)*(U68-V68)*(K68)/I68)/N68 -> 0.071379866 | X68: =(Q68*P68/(P68-1)*(P68*V68-U68)*(K68)/I68)/N68 -> 0.087343661 | Y68: 20180126 | Z68: 8-70 | AB68: 3 | AD68: Emily | AE68: Turner Designs Aquafluor Handheld Serial Number 800446 | AF68: 1 | AG68: 0
... A75: AR22 | B75: 20170902 | D75: 6 | E75: 5 | H75: a | I75: 535 | J75: 0 | K75: 5 | L75: 1 | M75: 0 | N75: 1 | O75: Cal_012618_12mm | P75: =Cal_012618_12mm!$Q$3 -> 1.9020156 | Q75: =Cal_012618_12mm!$R$3 -> 0.48423689 | R75: 104.9 | S75: 66.38 | T75: 0.66033 | U75: =(R75-T75)*(L75+M75)/L75 -> 104.23967 | V75: =(S75-T75)*(L75+M75)/L75 -> 65.71967 | W75: =(Q75*P75/(P75-1)*(U75-V75)*(K75)/I75)/N75 -> 0.36758722 | X75: =(Q75*P75/(P75-1)*(P75*V75-U75)*(K75)/I75)/N75 -> 0.19810933 | Y75: 20180126 | Z75: 8-70 | AB75: 3 | AD75: Emily | AE75: Turner Designs Aquafluor Handheld Serial Number 800446 | AF75: 1 | AG75: 0
A76: AR22 | B76: 20170902 | D76: 6 | E76: 5 | H76: b | I76: 535 | J76: 0 | K76: 5 | M76: 0 | N76: 1 | O76: Cal_012618_12mm | P76: =Cal_012618_12mm!$Q$3 -> 1.9020156 | Q76: =Cal_012618_12mm!$R$3 -> 0.48423689 | R76: 98.87 | T76: 0.66033 | U76: =(R76-T76)*(L76+M76)/L76 -> #DIV/0! | V76: =(S76-T76)*(L76+M76)/L76 -> #DIV/0! | W76: =(Q76*P76/(P76-1)*(U76-V76)*(K76)/I76)/N76 -> #DIV/0! | X76: =(Q76*P76/(P76-1)*(P76*V76-U76)*(K76)/I76)/N76 -> #DIV/0! | Y76: 20180126 | Z76: 8-70 | AB76: 3 | AD76: Emily | AE76: Turner Designs Aquafluor Handheld Serial Number 800446 | AF76: 9 | AG76: 0 | AH76: Ra was left blank in lab notebook
A77: AR22 | B77: 20170902 | D77: 6 | E77: 6 | H77: a | I77: 540 | J77: 0 | K77: 5 | L77: 1 | M77: 0 | N77: 1 | O77: Cal_012618_12mm | P77: =Cal_012618_12mm!$Q$3 -> 1.9020156 | Q77: =Cal_012618_12mm!$R$3 -> 0.48423689 | R77: 43.17 | S77: 27.67 | T77: 0.66033 | U77: =(R77-T77)*(L77+M77)/L77 -> 42.50967 | V77: =(S77-T77)*(L77+M77)/L77 -> 27.00967 | W77: =(Q77*P77/(P77-1)*(U77-V77)*(K77)/I77)/N77 -> 0.14654326 | X77: =(Q77*P77/(P77-1)*(P77*V77-U77)*(K77)/I77)/N77 -> 0.083795731 | Y77: 20180126 | Z77: 8-70 | AB77: 3 | AD77: Emily | AE77: Turner Designs Aquafluor Handheld Serial Number 800446 | AF77: 1 | AG77: 0
A78: AR22 | B78: 20170902 | D78: 6 | E78: 6 | H78: b | I78: 540 | J78: 0 | K78: 5 | L78: 1 | M78: 0 | N78: 1 | O78: Cal_012618_12mm | P78: =Cal_012618_12mm!$Q$3 -> 1.9020156 | Q78: =Cal_012618_12mm!$R$3 -> 0.48423689 | R78: 44.48 | S78: 28.33 | T78: 0.493 | U78: =(R78-T78)*(L78+M78)/L78 -> 43.987 | V78: =(S78-T78)*(L78+M78)/L78 -> 27.837 | W78: =(Q78*P78/(P78-1)*(U78-V78)*(K78)/I78)/N78 -> 0.15268862 | X78: =(Q78*P78/(P78-1)*(P78*V78-U78)*(K78)/I78)/N78 -> 0.084705855 | Y78: 20180126 | Z78: 8-65 | AB78: 3 | AD78: Emily | AE78: Turner Designs Aquafluor Handheld Serial Number 800446 | AF78: 1 | AG78: 0
A79: AR22 | B79: 20170902 | D79: 6 | E79: 6 | H79: a | I79: 540 | J79: 10 | K79: 5 | L79: 1 | M79: 0 | N79: 1 | O79: Cal_012618_12mm | P79: =Cal_012618_12mm!$Q$3 -> 1.9020156 | Q79: =Cal_012618_12mm!$R$3 -> 0.48423689 | R79: 35.76 | S79: 22.97 | T79: 0.66033 | U79: =(R79-T79)*(L79+M79)/L79 -> 35.09967 | V79: =(S79-T79)*(L79+M79)/L79 -> 22.30967 | W79: =(Q79*P79/(P79-1)*(U79-V79)*(K79)/I79)/N79 -> 0.12092183 | X79: =(Q79*P79/(P79-1)*(P79*V79-U79)*(K79)/I79)/N79 -> 0.069335474 | Y79: 20180126 | Z79: 8-70 | AB79: 3 | AD79: Emily | AE79: Turner Designs Aquafluor Handheld Serial Number 800446 | AF79: 1 | AG79: 0
A80: AR22 | B80: 20170902 | D80: 6 | E80: 6 | H80: b | I80: 540 | J80: 10 | K80: 5 | L80: 1 | M80: 0 | N80: 1 | O80: Cal_012618_12mm | P80: =Cal_012618_12mm!$Q$3 -> 1.9020156 | Q80: =Cal_012618_12mm!$R$3 -> 0.48423689 | R80: 38.89 | S80: 25.06 | T80: 0.493 | U80: =(R80-T80)*(L80+M80)/L80 -> 38.397 | V80: =(S80-T80)*(L80+M80)/L80 -> 24.567 | W80: =(Q80*P80/(P80-1)*(U80-V80)*(K80)/I80)/N80 -> 0.13075441 | X80: =(Q80*P80/(P80-1)*(P80*V80-U80)*(K80)/I80)/N80 -> 0.078753449 | Y80: 20180126 | Z80: 8-65 | AB80: 3 | AD80: Emily | AE80: Turner Designs Aquafluor Handheld Serial Number 800446 | AF80: 1 | AG80: 0 | AH80: tissue capsule labeled 07-10a but assume it's N6 <10
A81: AR22 | B81: 20170903 | D81: 7 | E81: 2 | H81: a | I81: 535 | J81: 0 | K81: 5 | L81: 1 | M81: 0 | N81: 1 | O81: Cal_012618_12mm | P81: =Cal_012618_12mm!$Q$3 -> 1.9020156 | Q81: =Cal_012618_12mm!$R$3 -> 0.48423689 | R81: 26.51 | S81: 18.68 | T81: 0.66033 | U81: =(R81-T81)*(L81+M81)/L81 -> 25.84967 | V81: =(S81-T81)*(L81+M81)/L81 -> 18.01967 | W81: =(Q81*P81/(P81-1)*(U81-V81)*(K81)/I81)/N81 -> 0.074719833 | X81: =(Q81*P81/(P81-1)*(P81*V81-U81)*(K81)/I81)/N81 -> 0.080388452 | Y81: 20180126 | Z81: 8-70 | AB81: 3 | AD81: Emily | AE81: Turner Designs Aquafluor Handheld Serial Number 800446 | AF81: 1 | AG81: 0 | AH81: Cast 7 no bottle one- misfire
A82: AR22 | B82: 20170903 | D82: 7 | E82: 2 | H82: b | I82: 535 | J82: 0 | K82: 5 | L82: 1 | M82: 0 | N82: 1 | O82: Cal_012618_12mm | P82: =Cal_012618_12mm!$Q$3 -> 1.9020156 | Q82: =Cal_012618_12mm!$R$3 -> 0.48423689 | R82: 27.1 | S82: 18.83 | T82: 0.493 | U82: =(R82-T82)*(L82+M82)/L82 -> 26.607 | V82: =(S82-T82)*(L82+M82)/L82 -> 18.337 | W82: =(Q82*P82/(P82-1)*(U82-V82)*(K82)/I82)/N82 -> 0.078918649 | X82: =(Q82*P82/(P82-1)*(P82*V82-U82)*(K82)/I82)/N82 -> 0.078921124 | Y82: 20180126 | Z82: 8-65 | AB82: 3 | AD82: Emily | AE82: Turner Designs Aquafluor Handheld Serial Number 800446 | AF82: 1 | AG82: 0
A83: AR22 | B83: 20170903 | D83: 7 | E83: 3 | H83: a | I83: 535 | J83: 0 | K83: 5 | L83: 1 | M83: 0 | N83: 1 | O83: Cal_012618_12mm | P83: =Cal_012618_12mm!$Q$3 -> 1.9020156 | Q83: =Cal_012618_12mm!$R$3 -> 0.48423689 | R83: 48.26 | S83: 35.32 | T83: 0.493 | U83: =(R83-T83)*(L83+M83)/L83 -> 47.767 | V83: =(S83-T83)*(L83+M83)/L83 -> 34.827 | W83: =(Q83*P83/(P83-1)*(U83-V83)*(K83)/I83)/N83 -> 0.12348335 | X83: =(Q83*P83/(P83-1)*(P83*V83-U83)*(K83)/I83)/N83 -> 0.17629773 | Y83: 20180126 | Z83: 8-65 | AB83: 3 | AD83: Emily | AE83: Turner Designs Aquafluor Handheld Serial Number 800446 | AF83: 1 | AG83: 0
A84: AR22 | B84: 20170903 | D84: 7 | E84: 3 | H84: b | I84: 535 | J84: 0 | K84: 5 | L84: 1 | M84: 0 | N84: 1 | O84: Cal_012618_12mm | P84: =Cal_012618_12mm!$Q$3 -> 1.9020156 | Q84: =Cal_012618_12mm!$R$3 -> 0.48423689 | R84: 40.9 | S84: 29.51 | T84: 0.493 | U84: =(R84-T84)*(L84+M84)/L84 -> 40.407 | V84: =(S84-T84)*(L84+M84)/L84 -> 29.017 | W84: =(Q84*P84/(P84-1)*(U84-V84)*(K84)/I84)/N84 -> 0.10869207 | X84: =(Q84*P84/(P84-1)*(P84*V84-U84)*(K84)/I84)/N84 -> 0.14107816 | Y84: 20180126 | Z84: 8-65 | AB84: 3 | AD84: Emily | AE84: Turner Designs Aquafluor Handheld Serial Number 800446 | AF84: 1 | AG84: 0
A85: AR22 | B85: 20170903 | D85: 7 | E85: 4 | H85: a | I85: 535 | J85: 0 | K85: 5 | L85: 1 | M85: 0 | N85: 1 | O85: Cal_012618_12mm | P85: =Cal_012618_12mm!$Q$3 -> 1.9020156 | Q85: =Cal_012618_12mm!$R$3 -> 0.48423689 | R85: 485.3 | S85: 298.7 | T85: 0.87933 | U85: =(R85-T85)*(L85+M85)/L85 -> 484.42067 | V85: =(S85-T85)*(L85+M85)/L85 -> 297.82067 | W85: =(Q85*P85/(P85-1)*(U85-V85)*(K85)/I85)/N85 -> 1.7806795 | X85: =(Q85*P85/(P85-1)*(P85*V85-U85)*(K85)/I85)/N85 -> 0.78287757 | Y85: 20180126 | Z85: 8-76 | AB85: 3 | AD85: Emily | AE85: Turner Designs Aquafluor Handheld Serial Number 800446 | AF85: 1 | AG85: 0
A86: AR22 | B86: 20170903 | D86: 7 | E86: 4 | H86: b | I86: 535 | J86: 0 | K86: 5 | L86: 1 | M86: 0 | N86: 1 | O86: Cal_012618_12mm | P86: =Cal_012618_12mm!$Q$3 -> 1.9020156 | Q86: =Cal_012618_12mm!$R$3 -> 0.48423689 | R86: 522.4 | S86: 317.5 | T86: 0.66033 | U86: =(R86-T86)*(L86+M86)/L86 -> 521.73967 | V86: =(S86-T86)*(L86+M86)/L86 -> 316.83967 | W86: =(Q86*P86/(P86-1)*(U86-V86)*(K86)/I86)/N86 -> 1.9553121 | X86: =(Q86*P86/(P86-1)*(P86*V86-U86)*(K86)/I86)/N86 -> 0.77195525 | Y86: 20180126 | Z86: 8-70 | AB86: 3 | AD86: Emily | AE86: Turner Designs Aquafluor Handheld Serial Number 800446 | AF86: 1 | AG86: 0
A87: AR22 | B87: 20170903 | D87: 7 | E87: 5 | H87: a | I87: 535 | J87: 0 | K87: 5 | L87: 1 | M87: 0 | N87: 1 | O87: Cal_012618_12mm | P87: =Cal_012618_12mm!$Q$3 -> 1.9020156 | Q87: =Cal_012618_12mm!$R$3 -> 0.48423689 | R87: 71.15 | S87: 45.84 | T87: 0.493 | U87: =(R87-T87)*(L87+M87)/L87 -> 70.657 | V87: =(S87-T87)*(L87+M87)/L87 -> 45.347 | W87: =(Q87*P87/(P87-1)*(U87-V87)*(K87)/I87)/N87 -> 0.24152733 | X87: =(Q87*P87/(P87-1)*(P87*V87-U87)*(K87)/I87)/N87 -> 0.14880698 | Y87: 20180126 | Z87: 8-65 | AB87: 3 | AD87: Emily | AE87: Turner Designs Aquafluor Handheld Serial Number 800446 | AF87: 1 | AG87: 0
A88: AR22 | B88: 20170903 | D88: 7 | E88: 5 | H88: b | I88: 535 | J88: 0 | K88: 5 | L88: 1 | M88: 0 | N88: 1 | O88: Cal_012618_12mm | P88: =Cal_012618_12mm!$Q$3 -> 1.9020156 | Q88: =Cal_012618_12mm!$R$3 -> 0.48423689 | R88: 70.15 | S88: 44.9 | T88: 0.493 | U88: =(R88-T88)*(L88+M88)/L88 -> 69.657 | V88: =(S88-T88)*(L88+M88)/L88 -> 44.407 | W88: =(Q88*P88/(P88-1)*(U88-V88)*(K88)/I88)/N88 -> 0.24095476 | X88: =(Q88*P88/(P88-1)*(P88*V88-U88)*(K88)/I88)/N88 -> 0.14128829 | Y88: 20180126 | Z88: 8-65 | AB88: 3 | AD88: Emily | AE88: Turner Designs Aquafluor Handheld Serial Number 800446 | AF88: 1 | AG88: 0
A89: AR22 | B89: 20170903 | D89: 7 | E89: 6 | H89: a | I89: 540 | J89: 0 | K89: 5 | L89: 1 | M89: 0 | N89: 1 | O89: Cal_012618_12mm | P89: =Cal_012618_12mm!$Q$3 -> 1.9020156 | Q89: =Cal_012618_12mm!$R$3 -> 0.48423689 | R89: 47.3 | S89: 29.83 | T89: 0.493 | U89: =(R89-T89)*(L89+M89)/L89 -> 46.807 | V89: =(S89-T89)*(L89+M89)/L89 -> 29.337 | W89: =(Q89*P89/(P89-1)*(U89-V89)*(K89)/I89)/N89 -> 0.16516844 | X89: =(Q89*P89/(P89-1)*(P89*V89-U89)*(K89)/I89)/N89 -> 0.085018071 | Y89: 20180126 | Z89: 8-64 | AB89: 3 | AD89: Emily | AE89: Turner Designs Aquafluor Handheld Serial Number 800446 | AF89: 1 | AG89: 0
A90: AR22 | B90: 20170903 | D90: 7 | E90: 6 | H90: b | I90: 540 | J90: 0 | K90: 5 | L90: 1 | M90: 0 | N90: 1 | O90: Cal_012618_12mm | P90: =Cal_012618_12mm!$Q$3 -> 1.9020156 | Q90: =Cal_012618_12mm!$R$3 -> 0.48423689 | R90: 44.06 | S90: 28.34 | T90: 0.87933 | U90: =(R90-T90)*(L90+M90)/L90 -> 43.18067 | V90: =(S90-T90)*(L90+M90)/L90 -> 27.46067 | W90: =(Q90*P90/(P90-1)*(U90-V90)*(K90)/I90)/N90 -> 0.14862323 | X90: =(Q90*P90/(P90-1)*(P90*V90-U90)*(K90)/I90)/N90 -> 0.085561899 | Y90: 20180126 | Z90: 8-76 | AB90: 3 | AD90: Emily | AE90: Turner Designs Aquafluor Handheld Serial Number 800446 | AF90: 1 | AG90: 0
A91: AR22 | B91: 20170903 | D91: 7 | E91: 6 | H91: a | I91: 540 | J91: 10 | K91: 5 | L91: 1 | M91: 0 | N91: 1 | O91: Cal_012618_12mm | P91: =Cal_012618_12mm!$Q$3 -> 1.9020156 | Q91: =Cal_012618_12mm!$R$3 -> 0.48423689 | R91: 36.92 | S91: 23.5 | T91: 0.493 | U91: =(R91-T91)*(L91+M91)/L91 -> 36.427 | V91: =(S91-T91)*(L91+M91)/L91 -> 23.007 | W91: =(Q91*P91/(P91-1)*(U91-V91)*(K91)/I91)/N91 -> 0.1268781 | X91: =(Q91*P91/(P91-1)*(P91*V91-U91)*(K91)/I91)/N91 -> 0.069326044 | Y91: 20180126 | Z91: 8-65 | AB91: 3 | AD91: Emily | AE91: Turner Designs Aquafluor Handheld Serial Number 800446 | AF91: 1 | AG91: 0
A92: AR22 | B92: 20170903 | D92: 7 | E92: 6 | H92: b | I92: 540 | J92: 10 | K92: 5 | L92: 1 | M92: 0 | N92: 1 | O92: Cal_012618_12mm | P92: =Cal_012618_12mm!$Q$3 -> 1.9020156 | Q92: =Cal_012618_12mm!$R$3 -> 0.48423689 | R92: 35.17 | S92: 22.66 | T92: 0.66033 | U92: =(R92-T92)*(L92+M92)/L92 -> 34.50967 | V92: =(S92-T92)*(L92+M92)/L92 -> 21.99967 | W92: =(Q92*P92/(P92-1)*(U92-V92)*(K92)/I92)/N92 -> 0.11827459 | X92: =(Q92*P92/(P92-1)*(P92*V92-U92)*(K92)/I92)/N92 -> 0.069339022 | Y92: 20180126 | Z92: 8-70 | AB92: 3 | AD92: Emily | AE92: Turner Designs Aquafluor Handheld Serial Number 800446 | AF92: 1 | AG92: 0 | AH92: recorded as sample 07-10b (missing niskin # 6) in lab notebook
A93: AR22 | B93: 20170903 | D93: 8 | E93: 1 | H93: a | I93: 535 | J93: 0 | K93: 5 | L93: 1 | M93: 0 | N93: 1 | O93: Cal_012618_12mm | P93: =Cal_012618_12mm!$Q$3 -> 1.9020156 | Q93: =Cal_012618_12mm!$R$3 -> 0.48423689 | R93: 18.16 | S93: 14.35 | T93: 0.87933 | U93: =(R93-T93)*(L93+M93)/L93 -> 17.28067 | V93: =(S93-T93)*(L93+M93)/L93 -> 13.47067 | W93: =(Q93*P93/(P93-1)*(U93-V93)*(K93)/I93)/N93 -> 0.036357926 | X93: =(Q93*P93/(P93-1)*(P93*V93-U93)*(K93)/I93)/N93 -> 0.079593837 | Y93: 20180126 | Z93: 8-76 | AB93: 3 | AD93: Emily | AE93: Turner Designs Aquafluor Handheld Serial Number 800446 | AF93: 1 | AG93: 1 | AH93: 26% percent range
A94: AR22 | B94: 20170903 | D94: 8 | E94: 1 | H94: b | I94: 535 | J94: 0 | K94: 5 | L94: 1 | M94: 0 | N94: 1 | O94: Cal_012618_12mm | P94: =Cal_012618_12mm!$Q$3 -> 1.9020156 | Q94: =Cal_012618_12mm!$R$3 -> 0.48423689 | R94: 20.27 | S94: 15.3 | T94: 0.493 | U94: =(R94-T94)*(L94+M94)/L94 -> 19.777 | V94: =(S94-T94)*(L94+M94)/L94 -> 14.807 | W94: =(Q94*P94/(P94-1)*(U94-V94)*(K94)/I94)/N94 -> 0.047427531 | X94: =(Q94*P94/(P94-1)*(P94*V94-U94)*(K94)/I94)/N94 -> 0.080026988 | Y94: 20180126 | Z94: 8-64 | AB94: 3 | AD94: Emily | AE94: Turner Designs Aquafluor Handheld Serial Number 800446 | AF94: 1 | AG94: 1 | AH94: 26% percent range
A95: AR22 | B95: 20170903 | D95: 8 | E95: 3 | H95: a | I95: 535 | J95: 0 | K95: 5 | L95: 1 | M95: 0 | N95: 1 | O95: Cal_012618_12mm | P95: =Cal_012618_12mm!$Q$3 -> 1.9020156 | Q95: =Cal_012618_12mm!$R$3 -> 0.48423689 | R95: 17.34 | S95: 12.6 | T95: 0.493 | U95: =(R95-T95)*(L95+M95)/L95 -> 16.847 | V95: =(S95-T95)*(L95+M95)/L95 -> 12.107 | W95: =(Q95*P95/(P95-1)*(U95-V95)*(K95)/I95)/N95 -> 0.045232696 | X95: =(Q95*P95/(P95-1)*(P95*V95-U95)*(K95)/I95)/N95 -> 0.058980978 | Y95: 20180126 | Z95: 8-64 | AB95: 3 | AD95: Emily | AE95: Turner Designs Aquafluor Handheld Serial Number 800446 | AF95: 1 | AG95: 0 | AH95: chl#02 cruise logsheet says "#2 same as #1" | AI95: ignoring "chl" numbers, entering data using numbers on tissue capsules as nisken numbers
A96: AR22 | B96: 20170903 | D96: 8 | E96: 3 | H96: b | I96: 535 | J96: 0 | K96: 5 | L96: 1 | M96: 0 | N96: 1 | O96: Cal_012618_12mm | P96: =Cal_012618_12mm!$Q$3 -> 1.9020156 | Q96: =Cal_012618_12mm!$R$3 -> 0.48423689 | R96: 19.78 | S96: 14.97 | T96: 0.493 | U96: =(R96-T96)*(L96+M96)/L96 -> 19.287 | V96: =(S96-T96)*(L96+M96)/L96 -> 14.477 | W96: =(Q96*P96/(P96-1)*(U96-V96)*(K96)/I96)/N96 -> 0.045900689 | X96: =(Q96*P96/(P96-1)*(P96*V96-U96)*(K96)/I96)/N96 -> 0.078713282 | Y96: 20180126 | Z96: 8-66 | AB96: 3 | AD96: Emily | AE96: Turner Designs Aquafluor Handheld Serial Number 800446 | AF96: 1 | AG96: 0 | AH96: chl#02 | AI96: ignoring "chl" numbers, entering data using numbers on tissue capsules as nisken numbers
A97: AR22 | B97: 20170903 | D97: 8 | E97: 4 | H97: a | I97: 535 | J97: 0 | K97: 5 | L97: 1 | M97: 0 | N97: 1 | O97: Cal_012618_12mm | P97: =Cal_012618_12mm!$Q$3 -> 1.9020156 | Q97: =Cal_012618_12mm!$R$3 -> 0.48423689 | R97: 93.14 | S97: 60.52 | T97: 0.493 | U97: =(R97-T97)*(L97+M97)/L97 -> 92.647 | V97: =(S97-T97)*(L97+M97)/L97 -> 60.027 | W97: =(Q97*P97/(P97-1)*(U97-V97)*(K97)/I97)/N97 -> 0.31128492 | X97: =(Q97*P97/(P97-1)*(P97*V97-U97)*(K97)/I97)/N97 -> 0.20541072 | Y97: 20180126 | Z97: 8-66 | AB97: 3 | AD97: Emily | AE97: Turner Designs Aquafluor Handheld Serial Number 800446 | AF97: 1 | AG97: 0 | AH97: chl#03 | AI97: ignoring "chl" numbers, entering data using numbers on tissue capsules as nisken numbers
A98: AR22 | B98: 20170903 | D98: 8 | E98: 4 | H98: b | I98: 535 | J98: 0 | K98: 5 | L98: 1 | M98: 0 | N98: 1 | O98: Cal_012618_12mm | P98: =Cal_012618_12mm!$Q$3 -> 1.9020156 | Q98: =Cal_012618_12mm!$R$3 -> 0.48423689 | R98: 90.36 | S98: 58.34 | T98: 0.493 | U98: =(R98-T98)*(L98+M98)/L98 -> 89.867 | V98: =(S98-T98)*(L98+M98)/L98 -> 57.847 | W98: =(Q98*P98/(P98-1)*(U98-V98)*(K98)/I98)/N98 -> 0.30555927 | X98: =(Q98*P98/(P98-1)*(P98*V98-U98)*(K98)/I98)/N98 -> 0.19237155 | Y98: 20180126 | Z98: 8-66 | AB98: 3 | AD98: Emily | AE98: Turner Designs Aquafluor Handheld Serial Number 800446 | AF98: 1 | AG98: 0 | AH98: chl#03 | AI98: ignoring "chl" numbers, entering data using numbers on tissue capsules as nisken numbers
A99: AR22 | B99: 20170903 | D99: 8 | E99: 5 | H99: a | I99: 535 | J99: 0 | K99: 5 | L99: 1 | M99: 0 | N99: 1 | O99: Cal_012618_12mm | P99: =Cal_012618_12mm!$Q$3 -> 1.9020156 | Q99: =Cal_012618_12mm!$R$3 -> 0.48423689 | R99: 446.6 | S99: 290.4 | T99: 0.493 | U99: =(R99-T99)*(L99+M99)/L99 -> 446.107 | V99: =(S99-T99)*(L99+M99)/L99 -> 289.907 | W99: =(Q99*P99/(P99-1)*(U99-V99)*(K99)/I99)/N99 -> 1.4905796 | X99: =(Q99*P99/(P99-1)*(P99*V99-U99)*(K99)/I99)/N99 -> 1.0048589 | Y99: 20180126 | Z99: 8-64 | AB99: 3 | AD99: Emily | AE99: Turner Designs Aquafluor Handheld Serial Number 800446 | AF99: 1 | AG99: 0 | AH99: chl#04 | AI99: ignoring "chl" numbers, entering data using numbers on tissue capsules as nisken numbers
A100: AR22 | B100: 20170903 | D100: 8 | E100: 5 | H100: b | I100: 535 | J100: 0 | K100: 5 | L100: 1 | M100: 0 | N100: 1 | O100: Cal_012618_12mm | P100: =Cal_012618_12mm!$Q$3 -> 1.9020156 | Q100: =Cal_012618_12mm!$R$3 -> 0.48423689 | R100: 487.7 | S100: 298.9 | T100: 0.493 | U100: =(R100-T100)*(L100+M100)/L100 -> 487.207 | V100: =(S100-T100)*(L100+M100)/L100 -> 298.407 | W100: =(Q100*P100/(P100-1)*(U100-V100)*(K100)/I100)/N100 -> 1.8016736 | X100: =(Q100*P100/(P100-1)*(P100*V100-U100)*(K100)/I100)/N100 -> 0.76693046 | Y100: 20180126 | Z100: 8-66 | AB100: 3 | AD100: Emily | AE100: Turner Designs Aquafluor Handheld Serial Number 800446 | AF100: 1 | AG100: 0 | AH100: chl#04 | AI100: ignoring "chl" numbers, entering data using numbers on tissue capsules as nisken numbers
A101: AR22 | B101: 20170903 | D101: 8 | E101: 6 | H101: a | I101: 535 | J101: 0 | K101: 5 | L101: 1 | M101: 0 | N101: 1 | O101: Cal_012618_12mm | P101: =Cal_012618_12mm!$Q$3 -> 1.9020156 | Q101: =Cal_012618_12mm!$R$3 -> 0.48423689 | R101: 73.67 | S101: 46.87 | T101: 0.493 | U101: =(R101-T101)*(L101+M101)/L101 -> 73.177 | V101: =(S101-T101)*(L101+M101)/L101 -> 46.377 | W101: =(Q101*P101/(P101-1)*(U101-V101)*(K101)/I101)/N101 -> 0.25574604 | X101: =(Q101*P101/(P101-1)*(P101*V101-U101)*(K101)/I101)/N101 -> 0.14345421 | Y101: 20180126 | Z101: 8-64 | AB101: 3 | AD101: Emily | AE101: Turner Designs Aquafluor Handheld Serial Number 800446 | AF101: 1 | AG101: 0 | AH101: chl#05 | AI101: ignoring "chl" numbers, entering data using numbers on tissue capsules as nisken numbers
A102: AR22 | B102: 20170903 | D102: 8 | E102: 6 | H102: b | I102: 535 | J102: 0 | K102: 5 | L102: 1 | M102: 0 | N102: 1 | O102: Cal_012618_12mm | P102: =Cal_012618_12mm!$Q$3 -> 1.9020156 | Q102: =Cal_012618_12mm!$R$3 -> 0.48423689 | R102: 63.43 | S102: 40.62 | T102: 0.493 | U102: =(R102-T102)*(L102+M102)/L102 -> 62.937 | V102: =(S102-T102)*(L102+M102)/L102 -> 40.127 | W102: =(Q102*P102/(P102-1)*(U102-V102)*(K102)/I102)/N102 -> 0.21767042 | X102: =(Q102*P102/(P102-1)*(P102*V102-U102)*(K102)/I102)/N102 -> 0.12773158 | Y102: 20180126 | Z102: 8-66 | AB102: 3 | AD102: Emily | AE102: Turner Designs Aquafluor Handheld Serial Number 800446 | AF102: 1 | AG102: 0 | AH102: chl#05 | AI102: ignoring "chl" numbers, entering data using numbers on tissue capsules as nisken numbers
A103: AR22 | B103: 20170903 | D103: 8 | E103: 7 | H103: a | I103: 540 | J103: 0 | K103: 5 | L103: 1 | M103: 0 | N103: 1 | O103: Cal_012618_12mm | P103: =Cal_012618_12mm!$Q$3 -> 1.9020156 | Q103: =Cal_012618_12mm!$R$3 -> 0.48423689 | R103: 51.37 | S103: 32.79 | T103: 0.493 | U103: =(R103-T103)*(L103+M103)/L103 -> 50.877 | V103: =(S103-T103)*(L103+M103)/L103 -> 32.297 | W103: =(Q103*P103/(P103-1)*(U103-V103)*(K103)/I103)/N103 -> 0.17566282 | X103: =(Q103*P103/(P103-1)*(P103*V103-U103)*(K103)/I103)/N103 -> 0.099766621 | Y103: 20180126 | Z103: 8-66 | AB103: 3 | AD103: Emily | AE103: Turner Designs Aquafluor Handheld Serial Number 800446 | AF103: 1 | AG103: 0 | AH103: chl#06 | AI103: ignoring "chl" numbers, entering data using numbers on tissue capsules as nisken numbers
A104: AR22 | B104: 20170903 | D104: 8 | E104: 7 | H104: b | I104: 540 | J104: 0 | K104: 5 | L104: 1 | M104: 0 | N104: 1 | O104: Cal_012618_12mm | P104: =Cal_012618_12mm!$Q$3 -> 1.9020156 | Q104: =Cal_012618_12mm!$R$3 -> 0.48423689 | R104: 53.98 | S104: 34.3 | T104: 0.493 | U104: =(R104-T104)*(L104+M104)/L104 -> 53.487 | V104: =(S104-T104)*(L104+M104)/L104 -> 33.807 | W104: =(Q104*P104/(P104-1)*(U104-V104)*(K104)/I104)/N104 -> 0.18606267 | X104: =(Q104*P104/(P104-1)*(P104*V104-U104)*(K104)/I104)/N104 -> 0.10224409 | Y104: 20180126 | Z104: 8-66 | AB104: 3 | AD104: Emily | AE104: Turner Designs Aquafluor Handheld Serial Number 800446 | AF104: 1 | AG104: 0 | AH104: chl#06 | AI104: ignoring "chl" numbers, entering data using numbers on tissue capsules as nisken numbers
A105: AR22 | B105: 20170903 | D105: 8 | E105: 7 | H105: a | I105: 540 | J105: 10 | K105: 5 | L105: 1 | M105: 0 | N105: 1 | O105: Cal_012618_12mm | P105: =Cal_012618_12mm!$Q$3 -> 1.9020156 | Q105: =Cal_012618_12mm!$R$3 -> 0.48423689 | R105: 39.96 | S105: 25.13 | T105: 0.493 | U105: =(R105-T105)*(L105+M105)/L105 -> 39.467 | V105: =(S105-T105)*(L105+M105)/L105 -> 24.637 | W105: =(Q105*P105/(P105-1)*(U105-V105)*(K105)/I105)/N105 -> 0.14020881 | X105: =(Q105*P105/(P105-1)*(P105*V105-U105)*(K105)/I105)/N105 -> 0.069896006 | Y105: 20180126 | Z105: 8-64 | AB105: 3 | AD105: Emily | AE105: Turner Designs Aquafluor Handheld Serial Number 800446 | AF105: 1 | AG105: 0 | AH105: chl#06, Spilled some of one of the <10 | AI105: ignoring "chl" numbers, entering data using numbers on tissue capsules as nisken numbers
A106: AR22 | B106: 20170903 | D106: 8 | E106: 7 | H106: b | I106: 540 | J106: 10 | K106: 5 | L106: 1 | M106: 0 | N106: 1 | O106: Cal_012618_12mm | P106: =Cal_012618_12mm!$Q$3 -> 1.9020156 | Q106: =Cal_012618_12mm!$R$3 -> 0.48423689 | R106: 35.17 | S106: 22.66 | T106: 0.66033 | U106: =(R106-T106)*(L106+M106)/L106 -> 34.50967 | V106: =(S106-T106)*(L106+M106)/L106 -> 21.99967 | W106: =(Q106*P106/(P106-1)*(U106-V106)*(K106)/I106)/N106 -> 0.11827459 | X106: =(Q106*P106/(P106-1)*(P106*V106-U106)*(K106)/I106)/N106 -> 0.069339022 | Y106: 20180126 | Z106: 8-70 | AB106: 3 | AD106: Emily | AE106: Turner Designs Aquafluor Handheld Serial Number 800446 | AF106: 1 | AG106: 0 | AH106: chl#06 | AI106: ignoring "chl" numbers, entering data using numbers on tissue capsules as nisken numbers
...

Sheet missing
A4: AR24B | B4: 20171027 | C4: L1 | D4: 1 | E4: 4 | H4: a | I4: 282 | J4: 0
A5: AR24B | B5: 20171027 | C5: L1 | D5: 1 | E5: 4 | H5: b | I5: 282 | J5: 0
A6: AR24B | B6: 20171027 | C6: L1 | D6: 1 | E6: 5 | H6: a | I6: 282 | J6: 0
A7: AR24B | B7: 20171027 | C7: L1 | D7: 1 | E7: 5 | H7: b | I7: 282 | J7: 0

Sheet cruise_proj_type
A1: Number | B1: Project
A2: 1 | B2: LTER
A3: 2 | B3: OOI
A4: 3 | B4: JPstudentcruise
A5: 4 | B5: LTER_OOI
A6: 5 | B6: LTER_JPstudentcruise

Sheet Cal_052925
A1: Calibration Date | B1: Cruise_Site | C1: Fluorometer | D1: Personell | E1: CALIBRATION | G1: Blank_Acetone | H1: AvgBlank | I1: Dilution | J1: ug_l | K1: Flurometer_Before_Acid | L1: Fluorometer_After_Acid | M1: Fluorometer_Before_Acid-AvgBlank | N1: Fluorometer_After_Acid-AvgBlank | O1: Acid_Ratio__Before-AvgBlank/After-AvgBlank | P1: Fd__Chl/Before-AvgBlank | Q1: tau | R1: Fd
A2: 45805 | B2: mvco | C2: Turner Designs Aquafluor Handheld Serial Number 800446 | D2: taylor | E2: Cal_052825 | G2: 0.552 | H2: =AVERAGE(G2:G8) -> 0.535 | I2: full(on spec) | J2: =(0.95778-0.000645)/87.67*10^6 -> 10917.475
A3: 20250529 | G3: 0.51 | I3: 20 | J3: =J2/I3 -> 545.87373 | K3: 952 | L3: 523.1 | M3: =K3-H2 -> 951.465 | N3: =L3-H2 -> 522.565 | O3: =M3/N3 -> 1.8207591 | P3: =J3/M3 -> 0.57371919 | Q3: =LINEST(M3:M13,N3:N13,FALSE) -> 1.8033877 | R3: =LINEST(J3:J13,M3:M13,FALSE) -> 0.57372782 | U3: =$Q$3 -> 1.8033877 | V3: 1.9
G4: 0.356 | I4: =I3*2 -> 40 | J4: =J2/I4 -> 272.93687 | K4: 471.5 | L4: 271 | M4: =K4-H2 -> 470.965 | N4: =L4-H2 -> 270.465 | O4: =M4/N4 -> 1.7413159 | P4: =J4/M4 -> 0.57952686 | U4: =$Q$3 -> 1.8033877 | V4: 1.9
G5: 0.72 | I5: =I4*2 -> 80 | J5: =J2/I5 -> 136.46843 | K5: 245.7 | L5: 136.9 | M5: =K5-H2 -> 245.165 | N5: =L5-H2 -> 136.365 | O5: =M5/N5 -> 1.7978587 | P5: =J5/M5 -> 0.55663913 | Q5: old averages | U5: =$Q$3 -> 1.8033877 | V5: 1.9
G6: 0.555 | I6: =I5*2 -> 160 | J6: =J2/I6 -> 68.234216 | K6: 122.2 | L6: 68.85 | M6: =K6-H2 -> 121.665 | N6: =L6-H2 -> 68.315 | O6: =M6/N6 -> 1.7809412 | P6: =J6/M6 -> 0.56083686 | Q6: =AVERAGE(O3:O13) -> 1.7607628 | R6: =AVERAGE(P3:P13) -> 0.56364819 | U6: =$Q$3 -> 1.8033877 | V6: 1.9
G7: 0.517 | I7: =I6*2 -> 320 | J7: =J2/I7 -> 34.117108 | K7: 61.41 | L7: 34.15 | M7: =K7-H2 -> 60.875 | N7: =L7-H2 -> 33.615 | O7: =M7/N7 -> 1.8109475 | P7: =J7/M7 -> 0.56044531 | U7: =$Q$3 -> 1.8033877 | V7: 1.9
I8: =I7*2 -> 640 | J8: =J2/I8 -> 17.058554 | K8: 30.95 | L8: 17.32 | M8: =K8-H2 -> 30.415 | N8: =L8-H2 -> 16.785 | O8: =M8/N8 -> 1.8120346 | P8: =J8/M8 -> 0.56085991 | U8: =$Q$3 -> 1.8033877 | V8: 1.9
I9: =I8*2 -> 1280 | J9: =J2/I9 -> 8.529277 | K9: 15.31 | L9: 9.134 | M9: =K9-H2 -> 14.775 | N9: =L9-H2 -> 8.599 | O9: =M9/N9 -> 1.718223 | P9: =J9/M9 -> 0.57727763 | U9: =$Q$3 -> 1.8033877 | V9: 1.9
I10: =I9*2 -> 2560 | J10: =J2/I10 -> 4.2646385 | K10: 7.925 | L10: 4.568 | M10: =K10-H2 -> 7.39 | N10: =L10-H2 -> 4.033 | O10: =M10/N10 -> 1.8323828 | P10: =J10/M10 -> 0.57708234 | U10: =$Q$3 -> 1.8033877 | V10: 1.9
I11: =I10*2 -> 5120 | J11: =J2/I11 -> 2.1323193 | K11: 4.405 | L11: 2.767 | M11: =K11-H2 -> 3.87 | N11: =L11-H2 -> 2.232 | O11: =M11/N11 -> 1.733871 | P11: =J11/M11 -> 0.55098689 | U11: =$Q$3 -> 1.8033877 | V11: 1.9
I12: =I11*2 -> 10240 | J12: =J2/I12 -> 1.0661596 | K12: 2.337 | L12: 1.662 | M12: =K12-H2 -> 1.802 | N12: =L12-H2 -> 1.127 | O12: =M12/N12 -> 1.5989352 | P12: =J12/M12 -> 0.59165351 | U12: =$Q$3 -> 1.8033877 | V12: 1.9
I13: 20480 | J13: =J2/I13 -> 0.53307982 | K13: 1.578 | L13: 1.141 | M13: =K13-H2 -> 1.043 | N13: =L13-H2 -> 0.606 | O13: =M13/N13 -> 1.7211221 | P13: =J13/M13 -> 0.51110241 | U13: =$Q$3 -> 1.8033877 | V13: 1.9
I17: =(0.04923-0.000378)/87.67*10^6 -> 557.22596 | J17: spinach_5percent | R17: *** The 1/20 dilution was done using a 5ml volumetric flask of chl-a stock into 100ml volumetric diluted with 90% acetone
I18: =I17/J2 -> 0.051039822
I19: =J2/I17 -> 19.592545
I22: =(0.049657-0.000606)/87.67*10^6 -> 559.49584 | J22: spinach_5percent
I23: =I22/J2 -> 0.051247734
I24: =J2/I22 -> 19.513058

Sheet Cal_030724
A1: Calibration Date | B1: Cruise_Site | C1: Fluorometer | D1: Personell | E1: CALIBRATION | G1: Blank_Acetone | H1: AvgBlank | I1: Dilution | J1: ug_l | K1: Flurometer_Before_Acid | L1: Fluorometer_After_Acid | M1: Fluorometer_Before_Acid-AvgBlank | N1: Fluorometer_After_Acid-AvgBlank | O1: Acid_Ratio__Before-AvgBlank/After-AvgBlank | P1: Fd__Chl/Before-AvgBlank | Q1: tau | R1: Fd
A2: 45358 | B2: mvco | C2: Turner Designs Aquafluor Handheld Serial Number 800446 | D2: taylor | E2: Cal_030724 | G2: 0.645 | H2: =AVERAGE(G2:G8) -> 0.67066667 | I2: full(on spec) | J2: =(1.046733-0.001627)/87.67*10^6 -> 11920.908
A3: 20240307 | G3: 0.708 | I3: 20 | J3: =J2/I3 -> 596.0454 | K3: 1021 | L3: 560.5 | M3: =K3-H2 -> 1020.3293 | N3: =L3-H2 -> 559.82933 | O3: =M3/N3 -> 1.8225721 | P3: =J3/M3 -> 0.58416962 | Q3: =LINEST(M3:M13,N3:N13,FALSE) -> 1.8135132 | R3: =LINEST(J3:J13,M3:M13,FALSE) -> 0.57626673 | U3: =$Q$3 -> 1.8135132 | V3: 1.9
G4: 0.546 | I4: =I3*2 -> 40 | J4: =J2/I4 -> 298.0227 | K4: 535.8 | L4: 299.8 | M4: =K4-H2 -> 535.12933 | N4: =L4-H2 -> 299.12933 | O4: =M4/N4 -> 1.7889564 | P4: =J4/M4 -> 0.55691714 | U4: =$Q$3 -> 1.8135132 | V4: 1.9
G5: 0.89 | I5: =I4*2 -> 80 | J5: =J2/I5 -> 149.01135 | K5: 271.3 | L5: 151.5 | M5: =K5-H2 -> 270.62933 | N5: =L5-H2 -> 150.82933 | O5: =M5/N5 -> 1.7942752 | P5: =J5/M5 -> 0.55061049 | Q5: old averages | U5: =$Q$3 -> 1.8135132 | V5: 1.9
G6: 0.613 | I6: =I5*2 -> 160 | J6: =J2/I6 -> 74.505675 | K6: 137.2 | L6: 77.14 | M6: =K6-H2 -> 136.52933 | N6: =L6-H2 -> 76.469333 | O6: =M6/N6 -> 1.7854129 | P6: =J6/M6 -> 0.54571185 | Q6: =AVERAGE(O3:O13) -> 1.809832 | R6: =AVERAGE(P3:P13) -> 0.54645901 | U6: =$Q$3 -> 1.8135132 | V6: 1.9
G7: 0.622 | I7: =I6*2 -> 320 | J7: =J2/I7 -> 37.252837 | K7: 69.99 | L7: 39.17 | M7: =K7-H2 -> 69.319333 | N7: =L7-H2 -> 38.499333 | O7: =M7/N7 -> 1.8005333 | P7: =J7/M7 -> 0.53740905 | U7: =$Q$3 -> 1.8135132 | V7: 1.9
I8: =I7*2 -> 640 | J8: =J2/I8 -> 18.626419 | K8: 34.94 | L8: 19.98 | M8: =K8-H2 -> 34.269333 | N8: =L8-H2 -> 19.309333 | O8: =M8/N8 -> 1.7747549 | P8: =J8/M8 -> 0.54353023 | U8: =$Q$3 -> 1.8135132 | V8: 1.9
I9: =I8*2 -> 1280 | J9: =J2/I9 -> 9.3132093 | K9: 17.8 | L9: 10.27 | M9: =K9-H2 -> 17.129333 | N9: =L9-H2 -> 9.5993333 | O9: =M9/N9 -> 1.7844295 | P9: =J9/M9 -> 0.54369946 | U9: =$Q$3 -> 1.8135132 | V9: 1.9
I10: =I9*2 -> 2560 | J10: =J2/I10 -> 4.6566047 | K10: 9.253 | L10: 5.76 | M10: =K10-H2 -> 8.5823333 | N10: =L10-H2 -> 5.0893333 | O10: =M10/N10 -> 1.6863374 | P10: =J10/M10 -> 0.54258026 | U10: =$Q$3 -> 1.8135132 | V10: 1.9
I11: =I10*2 -> 5120 | J11: =J2/I11 -> 2.3283023 | K11: 4.913 | L11: 3.058 | M11: =K11-H2 -> 4.2423333 | N11: =L11-H2 -> 2.3873333 | O11: =M11/N11 -> 1.7770176 | P11: =J11/M11 -> 0.54882588 | U11: =$Q$3 -> 1.8135132 | V11: 1.9
I12: =I11*2 -> 10240 | J12: =J2/I12 -> 1.1641512 | K12: 2.695 | L12: 1.836 | M12: =K12-H2 -> 2.0243333 | N12: =L12-H2 -> 1.1653333 | O12: =M12/N12 -> 1.7371281 | P12: =J12/M12 -> 0.57507879 | U12: =$Q$3 -> 1.8135132 | V12: 1.9
I13: 20480 | J13: =J2/I13 -> 0.58207558 | K13: 1.877 | L13: 1.23 | M13: =K13-H2 -> 1.2063333 | N13: =L13-H2 -> 0.55933333 | O13: =M13/N13 -> 2.1567342 | P13: =J13/M13 -> 0.48251637 | U13: =$Q$3 -> 1.8135132 | V13: 1.9
I17: =(0.054542-0.000256)/87.67*10^6 -> 619.2084 | J17: spinach_5percent | R17: *** The 1/20 dilution was done using a 5ml volumetric flask of chl-a stock into 100ml volumetric diluted with 90% acetone
I18: =I17/J2 -> 0.051943056
I19: =J2/I17 -> 19.251851
I22: =(0.052878-0.00028)/87.67*10^6 -> 599.95437 | J22: spinach_5percent
I23: =I22/J2 -> 0.050327909
I24: =J2/I22 -> 19.869691

Sheet Cal_051922a
A1: Calibration Date | B1: Cruise_Site | C1: Fluorometer | D1: Personell | E1: CALIBRATION | G1: Blank_Acetone | H1: AvgBlank | I1: Dilution | J1: ug_l | K1: Flurometer_Before_Acid | L1: Fluorometer_After_Acid | M1: Fluorometer_Before_Acid-AvgBlank | N1: Fluorometer_After_Acid-AvgBlank | O1: Acid_Ratio__Before-AvgBlank/After-AvgBlank | P1: Fd__Chl/Before-AvgBlank | Q1: tau | R1: Fd
A2: 44700 | C2: Turner Designs Aquafluor Handheld Serial Number 800446 | D2: taylor | E2: Cal_051922a | G2: 0.59 | H2: =AVERAGE(G2:G8) -> 0.54816667 | I2: full(on spec) | J2: =(1.135439-0.001168)/87.67*10^6 -> 12937.961
A3: 20220519 | G3: 0.501 | I3: 20 | J3: =J2/I3 -> 646.89803 | K3: 1145 | L3: 616.3 | M3: =K3-H2 -> 1144.4518 | N3: =L3-H2 -> 615.75183 | O3: =M3/N3 -> 1.8586251 | P3: =J3/M3 -> 0.56524705 | Q3: =LINEST(M3:M13,N3:N13,FALSE) -> 1.8382409 | R3: =LINEST(J3:J13,M3:M13,FALSE) -> 0.56187209 | U3: =$Q$3 -> 1.8382409 | V3: 1.9
G4: 0.602 | I4: =I3*2 -> 40 | J4: =J2/I4 -> 323.44901 | K4: 583 | L4: 327 | M4: =K4-H2 -> 582.45183 | N4: =L4-H2 -> 326.45183 | O4: =M4/N4 -> 1.7841892 | P4: =J4/M4 -> 0.5553232 | U4: =$Q$3 -> 1.8382409 | V4: 1.9
G5: 0.356 | I5: =I4*2 -> 80 | J5: =J2/I5 -> 161.72451 | K5: 298 | L5: 166.8 | M5: =K5-H2 -> 297.45183 | N5: =L5-H2 -> 166.25183 | O5: =M5/N5 -> 1.7891642 | P5: =J5/M5 -> 0.54369981 | Q5: old averages | U5: =$Q$3 -> 1.8382409 | V5: 1.9
G6: 0.598 | I6: =I5*2 -> 160 | J6: =J2/I6 -> 80.862253 | K6: 149 | L6: 85.09 | M6: =K6-H2 -> 148.45183 | N6: =L6-H2 -> 84.541833 | O6: =M6/N6 -> 1.7559571 | P6: =J6/M6 -> 0.54470364 | Q6: =AVERAGE(O3:O13) -> 1.8248962 | R6: =AVERAGE(P3:P13) -> 0.55956624 | U6: =$Q$3 -> 1.8382409 | V6: 1.9
G7: 0.642 | I7: =I6*2 -> 320 | J7: =J2/I7 -> 40.431127 | K7: 76.53 | L7: 42.11 | M7: =K7-H2 -> 75.981833 | N7: =L7-H2 -> 41.561833 | O7: =M7/N7 -> 1.8281637 | P7: =J7/M7 -> 0.5321157 | U7: =$Q$3 -> 1.8382409 | V7: 1.9
I8: =I7*2 -> 640 | J8: =J2/I8 -> 20.215563 | K8: 38.1 | L8: 21.23 | M8: =K8-H2 -> 37.551833 | N8: =L8-H2 -> 20.681833 | O8: =M8/N8 -> 1.8156917 | P8: =J8/M8 -> 0.53833759 | U8: =$Q$3 -> 1.8382409 | V8: 1.9
I9: =I8*2 -> 1280 | J9: =J2/I9 -> 10.107782 | K9: 19.2 | L9: 10.49 | M9: =K9-H2 -> 18.651833 | N9: =L9-H2 -> 9.9418333 | O9: =M9/N9 -> 1.876096 | P9: =J9/M9 -> 0.54191894 | U9: =$Q$3 -> 1.8382409 | V9: 1.9
I10: =I9*2 -> 2560 | J10: =J2/I10 -> 5.0538908 | K10: 9.529 | L10: 5.53 | M10: =K10-H2 -> 8.9808333 | N10: =L10-H2 -> 4.9818333 | O10: =M10/N10 -> 1.8027165 | P10: =J10/M10 -> 0.56274186 | U10: =$Q$3 -> 1.8382409 | V10: 1.9
I11: =I10*2 -> 5120 | J11: =J2/I11 -> 2.5269454 | K11: 5.299 | L11: 3.104 | M11: =K11-H2 -> 4.7508333 | N11: =L11-H2 -> 2.5558333 | O11: =M11/N11 -> 1.8588197 | P11: =J11/M11 -> 0.53189519 | U11: =$Q$3 -> 1.8382409 | V11: 1.9
I12: =I11*2 -> 10240 | J12: =J2/I12 -> 1.2634727 | K12: 2.88 | L12: 1.572 | M12: =K12-H2 -> 2.3318333 | N12: =L12-H2 -> 1.0238333 | O12: =M12/N12 -> 2.2775517 | P12: =J12/M12 -> 0.54183663 | U12: =$Q$3 -> 1.8382409 | V12: 1.9
I13: 20480 | J13: =J2/I13 -> 0.63173635 | K13: 1.454 | L13: 1.183 | M13: =K13-H2 -> 0.90583333 | N13: =L13-H2 -> 0.63483333 | O13: =M13/N13 -> 1.4268837 | P13: =J13/M13 -> 0.69740904 | U13: =$Q$3 -> 1.8382409 | V13: 1.9
I17: =(0.057354-0.000234)/87.67*10^6 -> 651.53416 | J17: spinach_5percent | R17: *** The 1/20 dilution was done using a 5ml volumetric flask of chl-a stock into 100ml volumetric diluted with 90% acetone
I18: =I17/J2 -> 0.050358336
I19: =J2/I17 -> 19.857686

Sheet Cal_111320b_12mm
A1: Calibration Date | B1: Cruise_Site | C1: Fluorometer | D1: Personell | E1: CALIBRATION | G1: Blank_Acetone | H1: AvgBlank | I1: Dilution | J1: ug_l | K1: Flurometer_Before_Acid | L1: Fluorometer_After_Acid | M1: Fluorometer_Before_Acid-AvgBlank | N1: Fluorometer_After_Acid-AvgBlank | O1: Acid_Ratio__Before-AvgBlank/After-AvgBlank | P1: Fd__Chl/Before-AvgBlank | Q1: tau | R1: Fd
A2: 44148 | B2: mvco | C2: Turner Designs Aquafluor Handheld 800446 | D2: taylor | E2: Cal_111320b_12mm | G2: 0.659 | H2: =AVERAGE(G2:G7) -> 0.507 | I2: full(on spec) | J2: =(0.961182-0.001831)/87.67*10^6 -> 10942.751
A3: 20201113 | G3: 0.468 | I3: 20 | J3: =J2/I3 -> 547.13756 | K3: 991.7 | L3: 539.2 | M3: =K3-H2 -> 991.193 | N3: =L3-H2 -> 538.693 | O3: =M3/N3 -> 1.8399961 | P3: =J3/M3 -> 0.55199902 | Q3: =LINEST(M3:M13,N3:N13,FALSE) -> 1.8343281 | R3: =LINEST(J3:J13,M3:M13,FALSE) -> 0.54419534 | U3: =$Q$3 -> 1.8343281 | V3: 1.9
G4: 0.543 | I4: =I3*2 -> 40 | J4: =J2/I4 -> 273.56878 | K4: 520.9 | L4: 286.4 | M4: =K4-H2 -> 520.393 | N4: =L4-H2 -> 285.893 | O4: =M4/N4 -> 1.8202369 | P4: =J4/M4 -> 0.5256965 | U4: =$Q$3 -> 1.8343281 | V4: 1.9
G5: 0.276 | I5: =I4*2 -> 80 | J5: =J2/I5 -> 136.78439 | K5: 264.2 | L5: 145.4 | M5: =K5-H2 -> 263.693 | N5: =L5-H2 -> 144.893 | O5: =M5/N5 -> 1.8199154 | P5: =J5/M5 -> 0.51872591 | Q5: old averages | U5: =$Q$3 -> 1.8343281 | V5: 1.9
G6: 0.498 | I6: =I5*2 -> 160 | J6: =J2/I6 -> 68.392195 | K6: 135.4 | L6: 75.03 | M6: =K6-H2 -> 134.893 | N6: =L6-H2 -> 74.523 | O6: =M6/N6 -> 1.8100855 | P6: =J6/M6 -> 0.50701071 | Q6: =AVERAGE(O3:O13) -> 1.7190352 | R6: =AVERAGE(P3:P13) -> 0.55186569 | U6: =$Q$3 -> 1.8343281 | V6: 1.9
G7: 0.598 | I7: =I6*2 -> 320 | J7: =J2/I7 -> 34.196098 | K7: 68.3 | L7: 37.96 | M7: =K7-H2 -> 67.793 | N7: =L7-H2 -> 37.453 | O7: =M7/N7 -> 1.810082 | P7: =J7/M7 -> 0.5044193 | U7: =$Q$3 -> 1.8343281 | V7: 1.9
I8: =I7*2 -> 640 | J8: =J2/I8 -> 17.098049 | K8: 33.08 | L8: 18.72 | M8: =K8-H2 -> 32.573 | N8: =L8-H2 -> 18.213 | O8: =M8/N8 -> 1.7884478 | P8: =J8/M8 -> 0.52491477 | U8: =$Q$3 -> 1.8343281 | V8: 1.9
I9: =I8*2 -> 1280 | J9: =J2/I9 -> 8.5490244 | K9: 16.95 | L9: 9.641 | M9: =K9-H2 -> 16.443 | N9: =L9-H2 -> 9.134 | O9: =M9/N9 -> 1.8001971 | P9: =J9/M9 -> 0.51991877 | U9: =$Q$3 -> 1.8343281 | V9: 1.9
I10: =I9*2 -> 2560 | J10: =J2/I10 -> 4.2745122 | K10: 8.432 | L10: 5.149 | M10: =K10-H2 -> 7.925 | N10: =L10-H2 -> 4.642 | O10: =M10/N10 -> 1.7072383 | P10: =J10/M10 -> 0.53937062 | U10: =$Q$3 -> 1.8343281 | V10: 1.9
I11: =I10*2 -> 5120 | J11: =J2/I11 -> 2.1372561 | K11: 4.268 | L11: 2.642 | M11: =K11-H2 -> 3.761 | N11: =L11-H2 -> 2.135 | O11: =M11/N11 -> 1.7615925 | P11: =J11/M11 -> 0.56826804 | U11: =$Q$3 -> 1.8343281 | V11: 1.9
I12: =I11*2 -> 10240 | J12: =J2/I12 -> 1.068628 | K12: 2.355 | L12: 1.724 | M12: =K12-H2 -> 1.848 | N12: =L12-H2 -> 1.217 | O12: =M12/N12 -> 1.5184881 | P12: =J12/M12 -> 0.57826193 | U12: =$Q$3 -> 1.8343281 | V12: 1.9
I13: 20480 | J13: =J2/I13 -> 0.53431402 | K13: 1.237 | L13: 1.099 | M13: =K13-H2 -> 0.73 | N13: =L13-H2 -> 0.592 | O13: =M13/N13 -> 1.2331081 | P13: =J13/M13 -> 0.73193702 | U13: =$Q$3 -> 1.8343281 | V13: 1.9
H17: 44148 | I17: =(0.048584-0)/87.67*10^6 -> 554.16904 | J17: spinach_5percent | R17: *** The 1/20 dilution was done using a 5ml volumetric flask of chl-a stock into 100ml volumetric diluted with 90% acetone
I18: =I17/J2 -> 0.05064257
I19: =J2/I17 -> 19.746233
H21: 43126 | J21: spinach_5percent2
I22: =I21/J2 -> 0
I23: =J2/I21 -> #DIV/0!

Sheet Cal_111320
A1: Calibration Date | B1: Cruise_Site | C1: Fluorometer | D1: Personell | E1: CALIBRATION | G1: Blank_Acetone | H1: AvgBlank | I1: Dilution | J1: ug_l | K1: Flurometer_Before_Acid | L1: Fluorometer_After_Acid | M1: Fluorometer_Before_Acid-AvgBlank | N1: Fluorometer_After_Acid-AvgBlank | O1: Acid_Ratio__Before-AvgBlank/After-AvgBlank | P1: Fd__Chl/Before-AvgBlank | Q1: tau | R1: Fd
A2: 44148 | B2: mvco | C2: Turner Designs Aquafluor Handheld 800446 | D2: taylor | E2: Cal_111320_12mm | G2: 0.58 | H2: =AVERAGE(G2:G8) -> 0.59871429 | I2: full(on spec) | J2: =(0.897217-0.001343)/87.67*10^6 -> 10218.707
G3: 0.612 | I3: 20 | J3: =J2/I3 -> 510.93533 | K3: 935.8 | L3: 494.5 | M3: =K3-H2 -> 935.20129 | N3: =L3-H2 -> 493.90129 | O3: =M3/N3 -> 1.8934984 | P3: =J3/M3 -> 0.54633728 | Q3: =LINEST(M3:M13,N3:N13,FALSE) -> 1.8663069 | R3: =LINEST(J3:J13,M3:M13,FALSE) -> 0.5388603 | U3: =$Q$3 -> 1.8663069 | V3: 1.9
G4: 0.584 | I4: =I3*2 -> 40 | J4: =J2/I4 -> 255.46766 | K4: 490.6 | L4: 272.2 | M4: =K4-H2 -> 490.00129 | N4: =L4-H2 -> 271.60129 | O4: =M4/N4 -> 1.8041199 | P4: =J4/M4 -> 0.52136121 | U4: =$Q$3 -> 1.8663069 | V4: 1.9
G5: 0.562 | I5: =I4*2 -> 80 | J5: =J2/I5 -> 127.73383 | K5: 249.8 | L5: 140.6 | M5: =K5-H2 -> 249.20129 | N5: =L5-H2 -> 140.00129 | O5: =M5/N5 -> 1.7799928 | P5: =J5/M5 -> 0.51257292 | Q5: old averages | U5: =$Q$3 -> 1.8663069 | V5: 1.9
G6: 0.359 | I6: =I5*2 -> 160 | J6: =J2/I6 -> 63.866916 | K6: 126.6 | L6: 70.54 | M6: =K6-H2 -> 126.00129 | N6: =L6-H2 -> 69.941286 | O6: =M6/N6 -> 1.8015294 | P6: =J6/M6 -> 0.50687511 | Q6: =AVERAGE(O3:O13) -> 1.8207116 | R6: =AVERAGE(P3:P13) -> 0.53586737 | U6: =$Q$3 -> 1.8663069 | V6: 1.9
G7: 0.775 | I7: =I6*2 -> 320 | J7: =J2/I7 -> 31.933458 | K7: 64.16 | L7: 35.03 | M7: =K7-H2 -> 63.561286 | N7: =L7-H2 -> 34.431286 | O7: =M7/N7 -> 1.8460329 | P7: =J7/M7 -> 0.50240421 | U7: =$Q$3 -> 1.8663069 | V7: 1.9
G8: 0.719 | I8: =I7*2 -> 640 | J8: =J2/I8 -> 15.966729 | K8: 32.45 | L8: 18.05 | M8: =K8-H2 -> 31.851286 | N8: =L8-H2 -> 17.451286 | O8: =M8/N8 -> 1.8251541 | P8: =J8/M8 -> 0.50128993 | U8: =$Q$3 -> 1.8663069 | V8: 1.9
I9: =I8*2 -> 1280 | J9: =J2/I9 -> 7.9833645 | K9: 16.52 | L9: 9.203 | M9: =K9-H2 -> 15.921286 | N9: =L9-H2 -> 8.6042857 | O9: =M9/N9 -> 1.8503902 | P9: =J9/M9 -> 0.50142712 | U9: =$Q$3 -> 1.8663069 | V9: 1.9
I10: =I9*2 -> 2560 | J10: =J2/I10 -> 3.9916822 | K10: 8.466 | L10: 4.757 | M10: =K10-H2 -> 7.8672857 | N10: =L10-H2 -> 4.1582857 | O10: =M10/N10 -> 1.8919541 | P10: =J10/M10 -> 0.50737731 | U10: =$Q$3 -> 1.8663069 | V10: 1.9
I11: =I10*2 -> 5120 | J11: =J2/I11 -> 1.9958411 | K11: 4.617 | L11: 2.565 | M11: =K11-H2 -> 4.0182857 | N11: =L11-H2 -> 1.9662857 | O11: =M11/N11 -> 2.043592 | P11: =J11/M11 -> 0.4966897 | U11: =$Q$3 -> 1.8663069 | V11: 1.9
I12: =I11*2 -> 10240 | J12: =J2/I12 -> 0.99792056 | K12: 2.559 | L12: 1.812 | M12: =K12-H2 -> 1.9602857 | N12: =L12-H2 -> 1.2132857 | O12: =M12/N12 -> 1.6156835 | P12: =J12/M12 -> 0.50906893 | U12: =$Q$3 -> 1.8663069 | V12: 1.9
I13: 20480 | J13: =J2/I13 -> 0.49896028 | K13: 1.231 | L13: 0.976 | M13: =K13-H2 -> 0.63228571 | N13: =L13-H2 -> 0.37728571 | O13: =M13/N13 -> 1.6758803 | P13: =J13/M13 -> 0.78913736 | U13: =$Q$3 -> 1.8663069 | V13: 1.9
H17: 44148 | I17: =(0.045654-0.001099)/87.67*10^6 -> 508.21262 | J17: spinach_5percent | R17: *** The 1/20 dilution was done using a 5ml volumetric flask of chl-a stock into 100ml volumetric diluted with 90% acetone
I18: =I17/J2 -> 0.049733556
I19: =J2/I17 -> 20.107148
H21: 43126 | J21: spinach_5percent2
I22: =I21/J2 -> 0
I23: =J2/I21 -> #DIV/0!

Sheet Cal_110119
B2: Calibration name = Cal_110119 | O2: Cal_date | P2: Calibration name | Q2: tau | R2: Fd
O3: 20181101 | P3: Cal_110119 | Q3: 1.8682 | R3: 0.5122
B5: For Tau, average 2018 and 2020 used cablibration taus
B6: 2019 Tau = 1.8682
B10: Plot average solid standard of each calibration day vs Fd of that calibration. Linear line fit to all calibrations that were used for this Aquafluor
B11: Take the grouping of 2019 data that needs this calibration and average the solid standard for all of the days samples were analyzed
B12: Caliculate the Fd from putting the averaged standard value into the line fit.
B14: 2019 average solid standard = 27.6778
B15: line fit is y = -106.0398*x + 81.9895
B16: 2019 Fd = 0.5122
B19: Apply this cal to LabNB 9-37 to 9-100 and 10-01 to 10-45
B20: This cal will apply to samples run between 11/1/2018 and 12/22/2019

Sheet Cal_012618_12mm
A1: Calibration Date | B1: Cruise_Site | C1: Fluorometer | D1: Personell | E1: CALIBRATION | G1: Blank_Acetone | H1: AvgBlank | I1: Dilution | J1: ug_l | K1: Flurometer_Before_Acid | L1: Fluorometer_After_Acid | M1: Fluorometer_Before_Acid-AvgBlank | N1: Fluorometer_After_Acid-AvgBlank | O1: Acid_Ratio__Before-AvgBlank/After-AvgBlank | P1: Fd__Chl/Before-AvgBlank | Q1: tau | R1: Fd
A2: 43126 | B2: mvco | C2: Turner Designs Aquafluor Handheld 800446 | D2: taylor | E2: Cal_012618_12mm | G2: 0.635 | H2: =AVERAGE(G2:G7) -> 0.67883333 | I2: full(on spec) | J2: =(1.004639-0.001709)/87.67*10^6 -> 11439.831
G3: 0.891 | I3: 20 | J3: =J2/I3 -> 571.99156 | K3: 1166 | L3: 609.5 | M3: =K3-H2 -> 1165.3212 | N3: =L3-H2 -> 608.82117 | O3: =M3/N3 -> 1.9140615 | P3: =J3/M3 -> 0.49084456 | Q3: =LINEST(M3:M13,N3:N13,FALSE) -> 1.9020156 | R3: =LINEST(J3:J13,M3:M13,FALSE) -> 0.48423689 | U3: =$Q$3 -> 1.9020156 | V3: 1.9
G4: 0.532 | I4: =I3*2 -> 40 | J4: =J2/I4 -> 285.99578 | K4: 610.3 | L4: 326.5 | M4: =K4-H2 -> 609.62117 | N4: =L4-H2 -> 325.82117 | O4: =M4/N4 -> 1.87103 | P4: =J4/M4 -> 0.46913689 | U4: =$Q$3 -> 1.9020156 | V4: 1.9
G5: 0.768 | I5: =I4*2 -> 80 | J5: =J2/I5 -> 142.99789 | K5: 312 | L5: 167.3 | M5: =K5-H2 -> 311.32117 | N5: =L5-H2 -> 166.62117 | O5: =M5/N5 -> 1.8684371 | P5: =J5/M5 -> 0.45932595 | Q5: old averages | U5: =$Q$3 -> 1.9020156 | V5: 1.9
G6: 0.561 | I6: =I5*2 -> 160 | J6: =J2/I6 -> 71.498945 | K6: 157.4 | L6: 84.59 | M6: =K6-H2 -> 156.72117 | N6: =L6-H2 -> 83.911167 | O6: =M6/N6 -> 1.8677033 | P6: =J6/M6 -> 0.45621754 | Q6: =AVERAGE(O3:O13) -> 1.8812046 | R6: =AVERAGE(P3:P13) -> 0.4561903 | U6: =$Q$3 -> 1.9020156 | V6: 1.9
G7: 0.686 | I7: =I6*2 -> 320 | J7: =J2/I7 -> 35.749472 | K7: 79.69 | L7: 41.8 | M7: =K7-H2 -> 79.011167 | N7: =L7-H2 -> 41.121167 | O7: =M7/N7 -> 1.9214233 | P7: =J7/M7 -> 0.45246101 | U7: =$Q$3 -> 1.9020156 | V7: 1.9
I8: =I7*2 -> 640 | J8: =J2/I8 -> 17.874736 | K8: 39.86 | L8: 22.04 | M8: =K8-H2 -> 39.181167 | N8: =L8-H2 -> 21.361167 | O8: =M8/N8 -> 1.8342241 | P8: =J8/M8 -> 0.45620735 | U8: =$Q$3 -> 1.9020156 | V8: 1.9
I9: =I8*2 -> 1280 | J9: =J2/I9 -> 8.9373681 | K9: 20.43 | L9: 11.28 | M9: =K9-H2 -> 19.751167 | N9: =L9-H2 -> 10.601167 | O9: =M9/N9 -> 1.8631126 | P9: =J9/M9 -> 0.45249824 | U9: =$Q$3 -> 1.9020156 | V9: 1.9
I10: =I9*2 -> 2560 | J10: =J2/I10 -> 4.4686841 | K10: 10.53 | L10: 5.816 | M10: =K10-H2 -> 9.8511667 | N10: =L10-H2 -> 5.1371667 | O10: =M10/N10 -> 1.9176264 | P10: =J10/M10 -> 0.45361978 | U10: =$Q$3 -> 1.9020156 | V10: 1.9
I11: =I10*2 -> 5120 | J11: =J2/I11 -> 2.234342 | K11: 5.945 | L11: 3.38 | M11: =K11-H2 -> 5.2661667 | N11: =L11-H2 -> 2.7011667 | O11: =M11/N11 -> 1.9495897 | P11: =J11/M11 -> 0.42428244 | U11: =$Q$3 -> 1.9020156 | V11: 1.9
I12: =I11*2 -> 10240 | J12: =J2/I12 -> 1.117171 | K12: 3.209 | L12: 1.994 | M12: =K12-H2 -> 2.5301667 | N12: =L12-H2 -> 1.3151667 | O12: =M12/N12 -> 1.9238373 | P12: =J12/M12 -> 0.44154048 | U12: =$Q$3 -> 1.9020156 | V12: 1.9
I13: 20480 | J13: =J2/I13 -> 0.55858551 | K13: 1.888 | L13: 1.365 | M13: =K13-H2 -> 1.2091667 | N13: =L13-H2 -> 0.68616667 | O13: =M13/N13 -> 1.7622055 | P13: =J13/M13 -> 0.46195907 | U13: =$Q$3 -> 1.9020156 | V13: 1.9
H17: 43126 | I17: =(0.051514-0.000122)/87.67*10^6 -> 586.19824 | J17: spinach_5percent | R17: *** The 1/20 dilution was done using a 5ml volumetric flask of chl-a stock into 100ml volumetric diluted with 90% acetone
I18: =I17/J2 -> 0.051241861
I19: =J2/I17 -> 19.515294
H21: 43126 | I21: =(0.052368-0.000122)/87.67*10^6 -> 595.93932 | J21: spinach_5percent2
I22: =I21/J2 -> 0.052093366
I23: =J2/I21 -> 19.196302
